"geo","country","year","life_expectancy","GDP"
"arg","Argentina",1800,33.2,1700
"arg","Argentina",1801,33.2,1700
"arg","Argentina",1802,33.2,1710
"arg","Argentina",1803,33.2,1720
"arg","Argentina",1804,33.2,1720
"arg","Argentina",1805,33.2,1730
"arg","Argentina",1806,33.2,1730
"arg","Argentina",1807,33.2,1740
"arg","Argentina",1808,33.2,1750
"arg","Argentina",1809,33.2,1750
"arg","Argentina",1810,33.2,1760
"arg","Argentina",1811,33.2,1760
"arg","Argentina",1812,33.2,1770
"arg","Argentina",1813,33.2,1780
"arg","Argentina",1814,33.2,1780
"arg","Argentina",1815,33.2,1790
"arg","Argentina",1816,33.2,1800
"arg","Argentina",1817,33.2,1800
"arg","Argentina",1818,33.2,1810
"arg","Argentina",1819,33.2,1810
"arg","Argentina",1820,33.2,1820
"arg","Argentina",1821,33.2,1830
"arg","Argentina",1822,33.2,1850
"arg","Argentina",1823,33.2,1860
"arg","Argentina",1824,33.2,1880
"arg","Argentina",1825,33.2,1890
"arg","Argentina",1826,33.2,1910
"arg","Argentina",1827,33.2,1920
"arg","Argentina",1828,33.2,1930
"arg","Argentina",1829,33.2,1950
"arg","Argentina",1830,33.2,1960
"arg","Argentina",1831,33.2,1980
"arg","Argentina",1832,33.2,1990
"arg","Argentina",1833,33.2,2010
"arg","Argentina",1834,33.2,2020
"arg","Argentina",1835,33.2,2040
"arg","Argentina",1836,33.2,2050
"arg","Argentina",1837,33.2,2070
"arg","Argentina",1838,33.2,2090
"arg","Argentina",1839,33.2,2100
"arg","Argentina",1840,33.2,2120
"arg","Argentina",1841,33.2,2130
"arg","Argentina",1842,33.2,2150
"arg","Argentina",1843,33.2,2170
"arg","Argentina",1844,33.2,2180
"arg","Argentina",1845,33.2,2200
"arg","Argentina",1846,33.2,2210
"arg","Argentina",1847,33.2,2230
"arg","Argentina",1848,33.2,2250
"arg","Argentina",1849,33.2,2270
"arg","Argentina",1850,33.2,2280
"arg","Argentina",1851,33.21,2300
"arg","Argentina",1852,33.22,2320
"arg","Argentina",1853,33.23,2340
"arg","Argentina",1854,33.24,2360
"arg","Argentina",1855,33.25,2380
"arg","Argentina",1856,33.25,2390
"arg","Argentina",1857,33.26,2410
"arg","Argentina",1858,33.27,2430
"arg","Argentina",1859,33.28,2450
"arg","Argentina",1860,33.29,2470
"arg","Argentina",1861,33.3,2490
"arg","Argentina",1862,33.31,2510
"arg","Argentina",1863,33.32,2530
"arg","Argentina",1864,33.33,2550
"arg","Argentina",1865,33.34,2570
"arg","Argentina",1866,33.35,2590
"arg","Argentina",1867,33.35,2610
"arg","Argentina",1868,33.36,2640
"arg","Argentina",1869,33.37,2660
"arg","Argentina",1870,33.38,2680
"arg","Argentina",1871,33.39,2740
"arg","Argentina",1872,33.4,2800
"arg","Argentina",1873,33.41,2860
"arg","Argentina",1874,33.42,2920
"arg","Argentina",1875,33.43,2980
"arg","Argentina",1876,33.42,2990
"arg","Argentina",1877,33.41,3230
"arg","Argentina",1878,33.39,3000
"arg","Argentina",1879,33.38,3050
"arg","Argentina",1880,33.37,2930
"arg","Argentina",1881,33.28,2910
"arg","Argentina",1882,33.19,3560
"arg","Argentina",1883,33.1,3860
"arg","Argentina",1884,33,3990
"arg","Argentina",1885,32.91,4470
"arg","Argentina",1886,33.2,4320
"arg","Argentina",1887,33.5,4400
"arg","Argentina",1888,33.79,4830
"arg","Argentina",1889,34.08,4910
"arg","Argentina",1890,34.37,4410
"arg","Argentina",1891,34.24,4160
"arg","Argentina",1892,34.11,4870
"arg","Argentina",1893,33.98,5050
"arg","Argentina",1894,33.84,5690
"arg","Argentina",1895,33.71,6160
"arg","Argentina",1896,34.43,6540
"arg","Argentina",1897,35.15,5150
"arg","Argentina",1898,35.87,5430
"arg","Argentina",1899,36.58,6190
"arg","Argentina",1900,37.3,5250
"arg","Argentina",1901,37.9,5260
"arg","Argentina",1902,38.5,4960
"arg","Argentina",1903,39.1,5460
"arg","Argentina",1904,39.7,5820
"arg","Argentina",1905,40.3,6350
"arg","Argentina",1906,41.08,6420
"arg","Argentina",1907,41.86,6310
"arg","Argentina",1908,42.65,6670
"arg","Argentina",1909,43.43,6750
"arg","Argentina",1910,44.21,6970
"arg","Argentina",1911,44.78,6830
"arg","Argentina",1912,45.34,7120
"arg","Argentina",1913,45.9,6930
"arg","Argentina",1914,46.46,6020
"arg","Argentina",1915,47.02,5920
"arg","Argentina",1916,47.85,5640
"arg","Argentina",1917,48.68,5090
"arg","Argentina",1918,42.54,5930
"arg","Argentina",1919,50.33,6030
"arg","Argentina",1920,51.16,6340
"arg","Argentina",1921,51.66,6330
"arg","Argentina",1922,52.17,6630
"arg","Argentina",1923,52.67,7110
"arg","Argentina",1924,53.18,7400
"arg","Argentina",1925,53.68,7150
"arg","Argentina",1926,54.04,7290
"arg","Argentina",1927,54.4,7580
"arg","Argentina",1928,54.76,7830
"arg","Argentina",1929,55.13,7970
"arg","Argentina",1930,55.49,7440
"arg","Argentina",1931,55.5,6770
"arg","Argentina",1932,55.52,6430
"arg","Argentina",1933,55.53,6610
"arg","Argentina",1934,55.55,7020
"arg","Argentina",1935,55.56,7210
"arg","Argentina",1936,56.56,7140
"arg","Argentina",1937,57.56,7530
"arg","Argentina",1938,58.56,7430
"arg","Argentina",1939,59.56,7570
"arg","Argentina",1940,60.56,7590
"arg","Argentina",1941,61.19,7880
"arg","Argentina",1942,61.82,7880
"arg","Argentina",1943,62.45,7720
"arg","Argentina",1944,63.07,8480
"arg","Argentina",1945,63.7,8100
"arg","Argentina",1946,63.62,8710
"arg","Argentina",1947,63.54,9530
"arg","Argentina",1948,63.46,9880
"arg","Argentina",1949,63.37,9530
"arg","Argentina",1950,63.3,9450
"arg","Argentina",1951,63.54,9680
"arg","Argentina",1952,64.19,9020
"arg","Argentina",1953,64.12,9340
"arg","Argentina",1954,64.71,9560
"arg","Argentina",1955,64.51,10100
"arg","Argentina",1956,65.18,10200
"arg","Argentina",1957,65.15,10600
"arg","Argentina",1958,65.4,11100
"arg","Argentina",1959,65.4,10300
"arg","Argentina",1960,65.26,11000
"arg","Argentina",1961,65.74,11500
"arg","Argentina",1962,65.75,11300
"arg","Argentina",1963,65.75,10800
"arg","Argentina",1964,65.82,11700
"arg","Argentina",1965,66.13,12700
"arg","Argentina",1966,66.58,12600
"arg","Argentina",1967,66.55,12800
"arg","Argentina",1968,65.99,13200
"arg","Argentina",1969,65.93,14200
"arg","Argentina",1970,66.13,14700
"arg","Argentina",1971,66.89,15100
"arg","Argentina",1972,67.33,15300
"arg","Argentina",1973,67.73,15900
"arg","Argentina",1974,67.91,16600
"arg","Argentina",1975,68.03,16200
"arg","Argentina",1976,66.99,16000
"arg","Argentina",1977,67.69,16800
"arg","Argentina",1978,69.04,15900
"arg","Argentina",1979,69.84,16900
"arg","Argentina",1980,70.23,16900
"arg","Argentina",1981,70.32,15700
"arg","Argentina",1982,70.92,15000
"arg","Argentina",1983,70.71,15300
"arg","Argentina",1984,70.82,15500
"arg","Argentina",1985,71.73,14200
"arg","Argentina",1986,71.95,15100
"arg","Argentina",1987,72.06,15300
"arg","Argentina",1988,72.13,14900
"arg","Argentina",1989,72.34,13700
"arg","Argentina",1990,72.47,13400
"arg","Argentina",1991,72.69,14500
"arg","Argentina",1992,72.75,15600
"arg","Argentina",1993,73.03,16600
"arg","Argentina",1994,73.36,17400
"arg","Argentina",1995,73.44,16700
"arg","Argentina",1996,73.49,17500
"arg","Argentina",1997,73.6,18700
"arg","Argentina",1998,73.65,19300
"arg","Argentina",1999,73.79,18500
"arg","Argentina",2000,74.22,18200
"arg","Argentina",2001,74.33,17200
"arg","Argentina",2002,74.28,15200
"arg","Argentina",2003,74.43,16400
"arg","Argentina",2004,74.92,17700
"arg","Argentina",2005,75.28,19100
"arg","Argentina",2006,75.41,20500
"arg","Argentina",2007,75.32,22200
"arg","Argentina",2008,75.68,22900
"arg","Argentina",2009,75.85,21300
"arg","Argentina",2010,75.94,23400
"arg","Argentina",2011,76.04,24600
"arg","Argentina",2012,76.17,24000
"arg","Argentina",2013,76.27,24300
"arg","Argentina",2014,76.47,23500
"arg","Argentina",2015,76.5,23900
"arg","Argentina",2016,76.24,23100
"arg","Argentina",2017,76.28,23500
"arg","Argentina",2018,76.48,22700
"arg","Argentina",2019,76.58,22000
"arg","Argentina",2020,75.2,19600
"arg","Argentina",2021,74.7,21500
"arg","Argentina",2022,75.37,22400
"arg","Argentina",2023,77.27,21800
"arg","Argentina",2024,77.43,21000
"arg","Argentina",2025,77.6,21900
"arg","Argentina",2026,77.77,22600
"arg","Argentina",2027,77.93,23200
"arg","Argentina",2028,78.1,23800
"arg","Argentina",2029,78.27,24400
"arg","Argentina",2030,78.43,24000
"arg","Argentina",2031,78.59,24500
"arg","Argentina",2032,78.76,25000
"arg","Argentina",2033,78.93,25600
"arg","Argentina",2034,79.09,26100
"arg","Argentina",2035,79.26,26600
"arg","Argentina",2036,79.42,27100
"arg","Argentina",2037,79.59,27700
"arg","Argentina",2038,79.76,28200
"arg","Argentina",2039,79.92,28800
"arg","Argentina",2040,80.09,29300
"arg","Argentina",2041,80.25,29900
"arg","Argentina",2042,80.42,30400
"arg","Argentina",2043,80.58,31000
"arg","Argentina",2044,80.74,31600
"arg","Argentina",2045,80.89,32100
"arg","Argentina",2046,81.05,32700
"arg","Argentina",2047,81.21,33300
"arg","Argentina",2048,81.37,33900
"arg","Argentina",2049,81.52,34500
"arg","Argentina",2050,81.66,35100
"arg","Argentina",2051,81.8,35700
"arg","Argentina",2052,81.95,36300
"arg","Argentina",2053,82.1,36900
"arg","Argentina",2054,82.24,37500
"arg","Argentina",2055,82.38,38100
"arg","Argentina",2056,82.52,38700
"arg","Argentina",2057,82.66,39300
"arg","Argentina",2058,82.8,39900
"arg","Argentina",2059,82.94,40500
"arg","Argentina",2060,83.06,41100
"arg","Argentina",2061,83.19,41800
"arg","Argentina",2062,83.32,42400
"arg","Argentina",2063,83.45,43000
"arg","Argentina",2064,83.57,43600
"arg","Argentina",2065,83.71,44200
"arg","Argentina",2066,83.83,44900
"arg","Argentina",2067,83.96,45500
"arg","Argentina",2068,84.08,46100
"arg","Argentina",2069,84.21,46700
"arg","Argentina",2070,84.33,47300
"arg","Argentina",2071,84.45,47900
"arg","Argentina",2072,84.57,48600
"arg","Argentina",2073,84.69,49200
"arg","Argentina",2074,84.82,49800
"arg","Argentina",2075,84.94,50400
"arg","Argentina",2076,85.06,51000
"arg","Argentina",2077,85.18,51600
"arg","Argentina",2078,85.3,52200
"arg","Argentina",2079,85.41,52800
"arg","Argentina",2080,85.53,53400
"arg","Argentina",2081,85.64,54000
"arg","Argentina",2082,85.76,54600
"arg","Argentina",2083,85.89,55200
"arg","Argentina",2084,86,55800
"arg","Argentina",2085,86.12,56300
"arg","Argentina",2086,86.23,56900
"arg","Argentina",2087,86.35,57500
"arg","Argentina",2088,86.46,58100
"arg","Argentina",2089,86.58,58600
"arg","Argentina",2090,86.7,59200
"arg","Argentina",2091,86.81,59700
"arg","Argentina",2092,86.94,60300
"arg","Argentina",2093,87.05,60800
"arg","Argentina",2094,87.16,61400
"arg","Argentina",2095,87.27,61900
"arg","Argentina",2096,87.39,62500
"arg","Argentina",2097,87.5,63000
"arg","Argentina",2098,87.61,63500
"arg","Argentina",2099,87.73,64000
"arg","Argentina",2100,87.84,64500
"bol","Bolivia",1800,33,926
"bol","Bolivia",1801,33,926
"bol","Bolivia",1802,33,926
"bol","Bolivia",1803,33,926
"bol","Bolivia",1804,33,926
"bol","Bolivia",1805,33,926
"bol","Bolivia",1806,33,926
"bol","Bolivia",1807,33,926
"bol","Bolivia",1808,33,927
"bol","Bolivia",1809,33,927
"bol","Bolivia",1810,33,927
"bol","Bolivia",1811,33,927
"bol","Bolivia",1812,33,927
"bol","Bolivia",1813,33,927
"bol","Bolivia",1814,33,927
"bol","Bolivia",1815,33,928
"bol","Bolivia",1816,33,928
"bol","Bolivia",1817,33,932
"bol","Bolivia",1818,33,937
"bol","Bolivia",1819,33,941
"bol","Bolivia",1820,33,945
"bol","Bolivia",1821,33,958
"bol","Bolivia",1822,33,974
"bol","Bolivia",1823,33,987
"bol","Bolivia",1824,33,1000
"bol","Bolivia",1825,33,1010
"bol","Bolivia",1826,33,1030
"bol","Bolivia",1827,33,1040
"bol","Bolivia",1828,33,1060
"bol","Bolivia",1829,33,1070
"bol","Bolivia",1830,33,1090
"bol","Bolivia",1831,33,1100
"bol","Bolivia",1832,33,1120
"bol","Bolivia",1833,33,1130
"bol","Bolivia",1834,33,1150
"bol","Bolivia",1835,33,1170
"bol","Bolivia",1836,33,1180
"bol","Bolivia",1837,33,1200
"bol","Bolivia",1838,33,1210
"bol","Bolivia",1839,33,1230
"bol","Bolivia",1840,33,1250
"bol","Bolivia",1841,33,1270
"bol","Bolivia",1842,33,1280
"bol","Bolivia",1843,33,1300
"bol","Bolivia",1844,33,1320
"bol","Bolivia",1845,33,1340
"bol","Bolivia",1846,33,1360
"bol","Bolivia",1847,33,1360
"bol","Bolivia",1848,33,1360
"bol","Bolivia",1849,33,1370
"bol","Bolivia",1850,33,1370
"bol","Bolivia",1851,32.97,1380
"bol","Bolivia",1852,32.93,1380
"bol","Bolivia",1853,32.9,1390
"bol","Bolivia",1854,32.87,1390
"bol","Bolivia",1855,32.84,1390
"bol","Bolivia",1856,32.8,1400
"bol","Bolivia",1857,32.77,1400
"bol","Bolivia",1858,32.74,1410
"bol","Bolivia",1859,32.71,1410
"bol","Bolivia",1860,32.67,1420
"bol","Bolivia",1861,32.64,1420
"bol","Bolivia",1862,32.61,1430
"bol","Bolivia",1863,32.58,1430
"bol","Bolivia",1864,32.54,1430
"bol","Bolivia",1865,32.51,1440
"bol","Bolivia",1866,32.48,1440
"bol","Bolivia",1867,32.45,1450
"bol","Bolivia",1868,32.41,1450
"bol","Bolivia",1869,32.38,1460
"bol","Bolivia",1870,32.35,1460
"bol","Bolivia",1871,32.32,1470
"bol","Bolivia",1872,32.28,1470
"bol","Bolivia",1873,32.25,1480
"bol","Bolivia",1874,32.22,1480
"bol","Bolivia",1875,32.19,1490
"bol","Bolivia",1876,32.15,1490
"bol","Bolivia",1877,32.12,1500
"bol","Bolivia",1878,32.09,1500
"bol","Bolivia",1879,32.06,1500
"bol","Bolivia",1880,32.02,1510
"bol","Bolivia",1881,31.99,1510
"bol","Bolivia",1882,31.96,1520
"bol","Bolivia",1883,31.93,1520
"bol","Bolivia",1884,31.89,1530
"bol","Bolivia",1885,31.86,1530
"bol","Bolivia",1886,31.83,1540
"bol","Bolivia",1887,31.8,1540
"bol","Bolivia",1888,31.76,1550
"bol","Bolivia",1889,31.73,1550
"bol","Bolivia",1890,31.7,1560
"bol","Bolivia",1891,31.67,1570
"bol","Bolivia",1892,31.63,1590
"bol","Bolivia",1893,31.6,1590
"bol","Bolivia",1894,31.57,1660
"bol","Bolivia",1895,31.54,1660
"bol","Bolivia",1896,31.5,1550
"bol","Bolivia",1897,31.47,1580
"bol","Bolivia",1898,31.44,1620
"bol","Bolivia",1899,31.41,1630
"bol","Bolivia",1900,31.37,1670
"bol","Bolivia",1901,31.34,1730
"bol","Bolivia",1902,31.31,1670
"bol","Bolivia",1903,31.28,1670
"bol","Bolivia",1904,31.24,1670
"bol","Bolivia",1905,31.21,1730
"bol","Bolivia",1906,31.18,1790
"bol","Bolivia",1907,31.15,1790
"bol","Bolivia",1908,31.11,1850
"bol","Bolivia",1909,31.08,1890
"bol","Bolivia",1910,31.05,1960
"bol","Bolivia",1911,31.01,2000
"bol","Bolivia",1912,30.98,2050
"bol","Bolivia",1913,30.95,2130
"bol","Bolivia",1914,30.92,2020
"bol","Bolivia",1915,30.88,2060
"bol","Bolivia",1916,30.85,2110
"bol","Bolivia",1917,30.82,2240
"bol","Bolivia",1918,27.21,2250
"bol","Bolivia",1919,30.75,2240
"bol","Bolivia",1920,30.72,2210
"bol","Bolivia",1921,30.69,2120
"bol","Bolivia",1922,30.66,2290
"bol","Bolivia",1923,30.62,2300
"bol","Bolivia",1924,30.59,2380
"bol","Bolivia",1925,30.56,2450
"bol","Bolivia",1926,30.53,2470
"bol","Bolivia",1927,30.49,2620
"bol","Bolivia",1928,30.46,2700
"bol","Bolivia",1929,30.43,2780
"bol","Bolivia",1930,30.4,2610
"bol","Bolivia",1931,30.36,2340
"bol","Bolivia",1932,30.33,2150
"bol","Bolivia",1933,30.3,2240
"bol","Bolivia",1934,30.27,2400
"bol","Bolivia",1935,30.23,2490
"bol","Bolivia",1936,30.2,2550
"bol","Bolivia",1937,30.17,2730
"bol","Bolivia",1938,30.14,2780
"bol","Bolivia",1939,30.1,2850
"bol","Bolivia",1940,30.07,3050
"bol","Bolivia",1941,30.71,3250
"bol","Bolivia",1942,31.35,3320
"bol","Bolivia",1943,31.99,3420
"bol","Bolivia",1944,32.63,3400
"bol","Bolivia",1945,33.26,3520
"bol","Bolivia",1946,33.9,3450
"bol","Bolivia",1947,34.53,3360
"bol","Bolivia",1948,35.16,3620
"bol","Bolivia",1949,35.79,3760
"bol","Bolivia",1950,36.42,3700
"bol","Bolivia",1951,37.07,3970
"bol","Bolivia",1952,37.23,4020
"bol","Bolivia",1953,38.68,3530
"bol","Bolivia",1954,39.6,3560
"bol","Bolivia",1955,40.53,3720
"bol","Bolivia",1956,41.17,3460
"bol","Bolivia",1957,41.75,3320
"bol","Bolivia",1958,42.29,3320
"bol","Bolivia",1959,42.65,3280
"bol","Bolivia",1960,43,3370
"bol","Bolivia",1961,43.26,3380
"bol","Bolivia",1962,43.85,3520
"bol","Bolivia",1963,44.8,3690
"bol","Bolivia",1964,45.54,3810
"bol","Bolivia",1965,46.17,3930
"bol","Bolivia",1966,47.03,4140
"bol","Bolivia",1967,47.86,4350
"bol","Bolivia",1968,48.6,4240
"bol","Bolivia",1969,49.38,4320
"bol","Bolivia",1970,50.09,4330
"bol","Bolivia",1971,50.76,4420
"bol","Bolivia",1972,51.44,4610
"bol","Bolivia",1973,52.18,4810
"bol","Bolivia",1974,52.92,4910
"bol","Bolivia",1975,53.66,5140
"bol","Bolivia",1976,54.31,5350
"bol","Bolivia",1977,54.86,5480
"bol","Bolivia",1978,55.41,5520
"bol","Bolivia",1979,56.1,5410
"bol","Bolivia",1980,56.76,5250
"bol","Bolivia",1981,57.25,5020
"bol","Bolivia",1982,57.61,4730
"bol","Bolivia",1983,57.77,4450
"bol","Bolivia",1984,58.54,4390
"bol","Bolivia",1985,59.14,4250
"bol","Bolivia",1986,59.72,4060
"bol","Bolivia",1987,60.13,4080
"bol","Bolivia",1988,60.5,4130
"bol","Bolivia",1989,61.08,4200
"bol","Bolivia",1990,61.69,4310
"bol","Bolivia",1991,62.05,4450
"bol","Bolivia",1992,62.46,4440
"bol","Bolivia",1993,62.94,4540
"bol","Bolivia",1994,63.57,4670
"bol","Bolivia",1995,64.02,4800
"bol","Bolivia",1996,64.57,4920
"bol","Bolivia",1997,64.98,5080
"bol","Bolivia",1998,65.49,5250
"bol","Bolivia",1999,66.01,5180
"bol","Bolivia",2000,66.53,5230
"bol","Bolivia",2001,67.16,5230
"bol","Bolivia",2002,67.59,5270
"bol","Bolivia",2003,68.09,5330
"bol","Bolivia",2004,68.58,5470
"bol","Bolivia",2005,68.97,5620
"bol","Bolivia",2006,69.31,5790
"bol","Bolivia",2007,69.56,5960
"bol","Bolivia",2008,69.8,6230
"bol","Bolivia",2009,70.08,6340
"bol","Bolivia",2010,70.3,6500
"bol","Bolivia",2011,70.5,6720
"bol","Bolivia",2012,70.73,6950
"bol","Bolivia",2013,70.9,7300
"bol","Bolivia",2014,71.09,7580
"bol","Bolivia",2015,71.3,7830
"bol","Bolivia",2016,71.49,8030
"bol","Bolivia",2017,71.65,8240
"bol","Bolivia",2018,71.84,8470
"bol","Bolivia",2019,72.01,8530
"bol","Bolivia",2020,68.43,7680
"bol","Bolivia",2021,67.54,8050
"bol","Bolivia",2022,68.92,8240
"bol","Bolivia",2023,73.01,8330
"bol","Bolivia",2024,73.24,8360
"bol","Bolivia",2025,73.47,8430
"bol","Bolivia",2026,73.68,8490
"bol","Bolivia",2027,73.9,8590
"bol","Bolivia",2028,74.11,8720
"bol","Bolivia",2029,74.31,8900
"bol","Bolivia",2030,74.51,8740
"bol","Bolivia",2031,74.71,8960
"bol","Bolivia",2032,74.91,9180
"bol","Bolivia",2033,75.11,9400
"bol","Bolivia",2034,75.3,9630
"bol","Bolivia",2035,75.49,9870
"bol","Bolivia",2036,75.68,10100
"bol","Bolivia",2037,75.87,10400
"bol","Bolivia",2038,76.04,10600
"bol","Bolivia",2039,76.22,10900
"bol","Bolivia",2040,76.4,11100
"bol","Bolivia",2041,76.58,11400
"bol","Bolivia",2042,76.75,11700
"bol","Bolivia",2043,76.93,12000
"bol","Bolivia",2044,77.1,12300
"bol","Bolivia",2045,77.27,12600
"bol","Bolivia",2046,77.44,12900
"bol","Bolivia",2047,77.6,13200
"bol","Bolivia",2048,77.77,13500
"bol","Bolivia",2049,77.95,13800
"bol","Bolivia",2050,78.1,14100
"bol","Bolivia",2051,78.28,14500
"bol","Bolivia",2052,78.44,14800
"bol","Bolivia",2053,78.6,15200
"bol","Bolivia",2054,78.77,15500
"bol","Bolivia",2055,78.94,15900
"bol","Bolivia",2056,79.09,16300
"bol","Bolivia",2057,79.26,16600
"bol","Bolivia",2058,79.42,17000
"bol","Bolivia",2059,79.59,17400
"bol","Bolivia",2060,79.75,17800
"bol","Bolivia",2061,79.92,18200
"bol","Bolivia",2062,80.09,18600
"bol","Bolivia",2063,80.24,19000
"bol","Bolivia",2064,80.41,19500
"bol","Bolivia",2065,80.57,19900
"bol","Bolivia",2066,80.74,20300
"bol","Bolivia",2067,80.89,20800
"bol","Bolivia",2068,81.06,21200
"bol","Bolivia",2069,81.22,21700
"bol","Bolivia",2070,81.37,22200
"bol","Bolivia",2071,81.54,22600
"bol","Bolivia",2072,81.7,23100
"bol","Bolivia",2073,81.86,23600
"bol","Bolivia",2074,82.03,24100
"bol","Bolivia",2075,82.18,24600
"bol","Bolivia",2076,82.35,25100
"bol","Bolivia",2077,82.5,25600
"bol","Bolivia",2078,82.66,26100
"bol","Bolivia",2079,82.83,26700
"bol","Bolivia",2080,82.99,27200
"bol","Bolivia",2081,83.15,27700
"bol","Bolivia",2082,83.31,28300
"bol","Bolivia",2083,83.46,28800
"bol","Bolivia",2084,83.63,29400
"bol","Bolivia",2085,83.8,29900
"bol","Bolivia",2086,83.96,30500
"bol","Bolivia",2087,84.12,31100
"bol","Bolivia",2088,84.28,31600
"bol","Bolivia",2089,84.45,32200
"bol","Bolivia",2090,84.61,32800
"bol","Bolivia",2091,84.77,33400
"bol","Bolivia",2092,84.93,34000
"bol","Bolivia",2093,85.09,34600
"bol","Bolivia",2094,85.25,35100
"bol","Bolivia",2095,85.42,35700
"bol","Bolivia",2096,85.58,36300
"bol","Bolivia",2097,85.74,36900
"bol","Bolivia",2098,85.9,37600
"bol","Bolivia",2099,86.06,38200
"bol","Bolivia",2100,86.21,38800
"bra","Brazil",1800,32,992
"bra","Brazil",1801,32,992
"bra","Brazil",1802,32,992
"bra","Brazil",1803,32,992
"bra","Brazil",1804,32,992
"bra","Brazil",1805,32,992
"bra","Brazil",1806,32,992
"bra","Brazil",1807,32,992
"bra","Brazil",1808,32,992
"bra","Brazil",1809,32,992
"bra","Brazil",1810,32,992
"bra","Brazil",1811,32,992
"bra","Brazil",1812,32,992
"bra","Brazil",1813,32,992
"bra","Brazil",1814,32,992
"bra","Brazil",1815,32,992
"bra","Brazil",1816,32,992
"bra","Brazil",1817,32,992
"bra","Brazil",1818,32,992
"bra","Brazil",1819,32,992
"bra","Brazil",1820,32,992
"bra","Brazil",1821,32,992
"bra","Brazil",1822,32,992
"bra","Brazil",1823,32,992
"bra","Brazil",1824,32,992
"bra","Brazil",1825,32,992
"bra","Brazil",1826,31.99,992
"bra","Brazil",1827,31.99,992
"bra","Brazil",1828,31.99,992
"bra","Brazil",1829,31.99,992
"bra","Brazil",1830,31.99,992
"bra","Brazil",1831,31.99,992
"bra","Brazil",1832,31.99,992
"bra","Brazil",1833,31.99,992
"bra","Brazil",1834,31.99,992
"bra","Brazil",1835,31.99,992
"bra","Brazil",1836,31.99,992
"bra","Brazil",1837,31.99,992
"bra","Brazil",1838,31.99,992
"bra","Brazil",1839,31.99,992
"bra","Brazil",1840,31.99,992
"bra","Brazil",1841,31.99,992
"bra","Brazil",1842,31.99,992
"bra","Brazil",1843,31.99,992
"bra","Brazil",1844,31.99,992
"bra","Brazil",1845,31.99,992
"bra","Brazil",1846,31.99,992
"bra","Brazil",1847,31.99,992
"bra","Brazil",1848,31.99,992
"bra","Brazil",1849,31.99,992
"bra","Brazil",1850,31.99,992
"bra","Brazil",1851,31.97,1060
"bra","Brazil",1852,31.95,1030
"bra","Brazil",1853,31.94,968
"bra","Brazil",1854,31.92,936
"bra","Brazil",1855,31.9,943
"bra","Brazil",1856,31.88,978
"bra","Brazil",1857,31.87,1050
"bra","Brazil",1858,31.85,1110
"bra","Brazil",1859,31.83,1110
"bra","Brazil",1860,31.81,1130
"bra","Brazil",1861,31.8,1120
"bra","Brazil",1862,31.78,1070
"bra","Brazil",1863,31.76,1090
"bra","Brazil",1864,31.74,1110
"bra","Brazil",1865,31.73,1190
"bra","Brazil",1866,31.71,1240
"bra","Brazil",1867,31.69,1340
"bra","Brazil",1868,31.67,1340
"bra","Brazil",1869,31.66,1340
"bra","Brazil",1870,31.64,1240
"bra","Brazil",1871,31.62,1240
"bra","Brazil",1872,31.6,1280
"bra","Brazil",1873,31.59,1250
"bra","Brazil",1874,31.57,1270
"bra","Brazil",1875,31.55,1280
"bra","Brazil",1876,31.53,1240
"bra","Brazil",1877,31.52,1200
"bra","Brazil",1878,31.49,1260
"bra","Brazil",1879,31.47,1270
"bra","Brazil",1880,31.45,1210
"bra","Brazil",1881,31.44,1220
"bra","Brazil",1882,31.42,1250
"bra","Brazil",1883,31.4,1220
"bra","Brazil",1884,31.38,1300
"bra","Brazil",1885,31.37,1210
"bra","Brazil",1886,31.35,1250
"bra","Brazil",1887,31.33,1160
"bra","Brazil",1888,31.31,1120
"bra","Brazil",1889,31.3,1130
"bra","Brazil",1890,31.28,1240
"bra","Brazil",1891,31.26,1320
"bra","Brazil",1892,31.24,1140
"bra","Brazil",1893,31.23,973
"bra","Brazil",1894,31.21,973
"bra","Brazil",1895,31.19,1150
"bra","Brazil",1896,31.17,1050
"bra","Brazil",1897,31.16,1030
"bra","Brazil",1898,31.14,1060
"bra","Brazil",1899,31.12,1040
"bra","Brazil",1900,31.1,1000
"bra","Brazil",1901,31.08,1080
"bra","Brazil",1902,31.07,1050
"bra","Brazil",1903,31.05,1050
"bra","Brazil",1904,31.03,1050
"bra","Brazil",1905,31.01,1060
"bra","Brazil",1906,31,1140
"bra","Brazil",1907,30.98,1110
"bra","Brazil",1908,30.96,1080
"bra","Brazil",1909,30.94,1140
"bra","Brazil",1910,30.93,1130
"bra","Brazil",1911,30.91,1230
"bra","Brazil",1912,30.89,1190
"bra","Brazil",1913,30.87,1200
"bra","Brazil",1914,30.86,1150
"bra","Brazil",1915,30.84,1180
"bra","Brazil",1916,30.82,1190
"bra","Brazil",1917,30.8,1240
"bra","Brazil",1918,25.97,1190
"bra","Brazil",1919,30.77,1320
"bra","Brazil",1920,30.75,1420
"bra","Brazil",1921,30.73,1420
"bra","Brazil",1922,30.72,1490
"bra","Brazil",1923,30.7,1540
"bra","Brazil",1924,30.69,1510
"bra","Brazil",1925,30.67,1490
"bra","Brazil",1926,30.66,1490
"bra","Brazil",1927,30.64,1560
"bra","Brazil",1928,30.63,1710
"bra","Brazil",1929,30.61,1680
"bra","Brazil",1930,30.6,1550
"bra","Brazil",1931,31.02,1480
"bra","Brazil",1932,31.45,1500
"bra","Brazil",1933,31.87,1590
"bra","Brazil",1934,32.3,1680
"bra","Brazil",1935,32.72,1700
"bra","Brazil",1936,33.14,1820
"bra","Brazil",1937,33.57,1840
"bra","Brazil",1938,33.99,1880
"bra","Brazil",1939,34.41,1860
"bra","Brazil",1940,34.83,1840
"bra","Brazil",1941,35.91,1930
"bra","Brazil",1942,36.99,1820
"bra","Brazil",1943,38.08,2020
"bra","Brazil",1944,39.15,2050
"bra","Brazil",1945,40.23,2060
"bra","Brazil",1946,41.7,2220
"bra","Brazil",1947,43.17,2250
"bra","Brazil",1948,44.63,2410
"bra","Brazil",1949,46.1,2540
"bra","Brazil",1950,47.57,2570
"bra","Brazil",1951,48.05,2630
"bra","Brazil",1952,48.53,2750
"bra","Brazil",1953,48.98,2800
"bra","Brazil",1954,49.46,2940
"bra","Brazil",1955,49.94,3090
"bra","Brazil",1956,50.42,3100
"bra","Brazil",1957,50.89,3260
"bra","Brazil",1958,51.4,3470
"bra","Brazil",1959,51.92,3680
"bra","Brazil",1960,52.44,3890
"bra","Brazil",1961,52.97,4170
"bra","Brazil",1962,53.53,4300
"bra","Brazil",1963,53.99,4280
"bra","Brazil",1964,54.43,4310
"bra","Brazil",1965,54.83,4360
"bra","Brazil",1966,55.19,4480
"bra","Brazil",1967,55.59,4570
"bra","Brazil",1968,56.07,4910
"bra","Brazil",1969,56.52,5180
"bra","Brazil",1970,56.94,5590
"bra","Brazil",1971,57.45,6080
"bra","Brazil",1972,58.03,6640
"bra","Brazil",1973,58.57,7400
"bra","Brazil",1974,59.16,7820
"bra","Brazil",1975,59.78,8040
"bra","Brazil",1976,60.39,8670
"bra","Brazil",1977,61.07,8900
"bra","Brazil",1978,61.72,9140
"bra","Brazil",1979,62.27,9540
"bra","Brazil",1980,62.74,10200
"bra","Brazil",1981,63.3,9550
"bra","Brazil",1982,63.87,9420
"bra","Brazil",1983,64.06,8940
"bra","Brazil",1984,64.21,9240
"bra","Brazil",1985,64.61,9780
"bra","Brazil",1986,65.06,10300
"bra","Brazil",1987,65.65,10500
"bra","Brazil",1988,66.07,10300
"bra","Brazil",1989,66.72,10500
"bra","Brazil",1990,67.29,9990
"bra","Brazil",1991,67.92,9970
"bra","Brazil",1992,68.34,9810
"bra","Brazil",1993,68.43,10200
"bra","Brazil",1994,68.81,10600
"bra","Brazil",1995,69.17,11000
"bra","Brazil",1996,69.52,11100
"bra","Brazil",1997,70.08,11300
"bra","Brazil",1998,70.4,11200
"bra","Brazil",1999,70.79,11200
"bra","Brazil",2000,71.18,11500
"bra","Brazil",2001,71.49,11500
"bra","Brazil",2002,71.76,11800
"bra","Brazil",2003,72.03,11800
"bra","Brazil",2004,72.31,12300
"bra","Brazil",2005,72.81,12600
"bra","Brazil",2006,73.06,12900
"bra","Brazil",2007,73.31,13600
"bra","Brazil",2008,73.5,14100
"bra","Brazil",2009,73.66,14000
"bra","Brazil",2010,73.85,14900
"bra","Brazil",2011,74.01,15300
"bra","Brazil",2012,74.34,15500
"bra","Brazil",2013,74.55,15800
"bra","Brazil",2014,74.83,15700
"bra","Brazil",2015,75.03,15000
"bra","Brazil",2016,75.05,14400
"bra","Brazil",2017,75.44,14500
"bra","Brazil",2018,75.69,14700
"bra","Brazil",2019,75.85,14700
"bra","Brazil",2020,74.51,14100
"bra","Brazil",2021,73.24,14700
"bra","Brazil",2022,73.92,15100
"bra","Brazil",2023,76.69,15500
"bra","Brazil",2024,76.89,15700
"bra","Brazil",2025,77.09,16000
"bra","Brazil",2026,77.3,16200
"bra","Brazil",2027,77.5,16500
"bra","Brazil",2028,77.7,16900
"bra","Brazil",2029,77.9,17300
"bra","Brazil",2030,78.1,17400
"bra","Brazil",2031,78.3,17800
"bra","Brazil",2032,78.49,18200
"bra","Brazil",2033,78.68,18600
"bra","Brazil",2034,78.88,19000
"bra","Brazil",2035,79.07,19500
"bra","Brazil",2036,79.27,19900
"bra","Brazil",2037,79.46,20300
"bra","Brazil",2038,79.65,20800
"bra","Brazil",2039,79.83,21200
"bra","Brazil",2040,80.02,21700
"bra","Brazil",2041,80.21,22200
"bra","Brazil",2042,80.4,22600
"bra","Brazil",2043,80.59,23100
"bra","Brazil",2044,80.77,23600
"bra","Brazil",2045,80.95,24100
"bra","Brazil",2046,81.14,24600
"bra","Brazil",2047,81.32,25100
"bra","Brazil",2048,81.51,25600
"bra","Brazil",2049,81.69,26100
"bra","Brazil",2050,81.87,26700
"bra","Brazil",2051,82.05,27200
"bra","Brazil",2052,82.23,27700
"bra","Brazil",2053,82.4,28300
"bra","Brazil",2054,82.57,28800
"bra","Brazil",2055,82.75,29400
"bra","Brazil",2056,82.91,29900
"bra","Brazil",2057,83.07,30500
"bra","Brazil",2058,83.24,31000
"bra","Brazil",2059,83.4,31600
"bra","Brazil",2060,83.56,32200
"bra","Brazil",2061,83.72,32800
"bra","Brazil",2062,83.87,33400
"bra","Brazil",2063,84.02,33900
"bra","Brazil",2064,84.17,34500
"bra","Brazil",2065,84.32,35100
"bra","Brazil",2066,84.46,35700
"bra","Brazil",2067,84.6,36300
"bra","Brazil",2068,84.74,36900
"bra","Brazil",2069,84.89,37500
"bra","Brazil",2070,85.02,38100
"bra","Brazil",2071,85.16,38800
"bra","Brazil",2072,85.29,39400
"bra","Brazil",2073,85.43,40000
"bra","Brazil",2074,85.56,40600
"bra","Brazil",2075,85.7,41200
"bra","Brazil",2076,85.83,41800
"bra","Brazil",2077,85.96,42500
"bra","Brazil",2078,86.09,43100
"bra","Brazil",2079,86.21,43700
"bra","Brazil",2080,86.34,44300
"bra","Brazil",2081,86.47,44900
"bra","Brazil",2082,86.61,45500
"bra","Brazil",2083,86.73,46200
"bra","Brazil",2084,86.85,46800
"bra","Brazil",2085,86.98,47400
"bra","Brazil",2086,87.1,48000
"bra","Brazil",2087,87.23,48600
"bra","Brazil",2088,87.36,49200
"bra","Brazil",2089,87.47,49900
"bra","Brazil",2090,87.6,50500
"bra","Brazil",2091,87.72,51100
"bra","Brazil",2092,87.84,51700
"bra","Brazil",2093,87.96,52300
"bra","Brazil",2094,88.09,52900
"bra","Brazil",2095,88.2,53500
"bra","Brazil",2096,88.32,54100
"bra","Brazil",2097,88.44,54700
"bra","Brazil",2098,88.56,55300
"bra","Brazil",2099,88.68,55800
"bra","Brazil",2100,88.8,56400
"chl","Chile",1800,32,976
"chl","Chile",1801,32,976
"chl","Chile",1802,32,976
"chl","Chile",1803,32,976
"chl","Chile",1804,32,976
"chl","Chile",1805,32,976
"chl","Chile",1806,32,976
"chl","Chile",1807,32,976
"chl","Chile",1808,32,976
"chl","Chile",1809,32,976
"chl","Chile",1810,32,976
"chl","Chile",1811,32,933
"chl","Chile",1812,32,918
"chl","Chile",1813,32,925
"chl","Chile",1814,32,931
"chl","Chile",1815,32,934
"chl","Chile",1816,32,903
"chl","Chile",1817,32,894
"chl","Chile",1818,32,941
"chl","Chile",1819,32,901
"chl","Chile",1820,32,943
"chl","Chile",1821,32,921
"chl","Chile",1822,32,950
"chl","Chile",1823,32,912
"chl","Chile",1824,32,900
"chl","Chile",1825,32,976
"chl","Chile",1826,32,1010
"chl","Chile",1827,32,1030
"chl","Chile",1828,32,1040
"chl","Chile",1829,32,1070
"chl","Chile",1830,32,1060
"chl","Chile",1831,32,1060
"chl","Chile",1832,32,1090
"chl","Chile",1833,32,1100
"chl","Chile",1834,32,1130
"chl","Chile",1835,32,1150
"chl","Chile",1836,32,1130
"chl","Chile",1837,32,1180
"chl","Chile",1838,32,1180
"chl","Chile",1839,32,1170
"chl","Chile",1840,32,1240
"chl","Chile",1841,32,1240
"chl","Chile",1842,32,1250
"chl","Chile",1843,32,1270
"chl","Chile",1844,32,1280
"chl","Chile",1845,32,1310
"chl","Chile",1846,32,1340
"chl","Chile",1847,32,1350
"chl","Chile",1848,32,1400
"chl","Chile",1849,32,1490
"chl","Chile",1850,32,1550
"chl","Chile",1851,31.98,1590
"chl","Chile",1852,31.95,1610
"chl","Chile",1853,31.93,1560
"chl","Chile",1854,31.91,1590
"chl","Chile",1855,31.88,1630
"chl","Chile",1856,31.86,1630
"chl","Chile",1857,31.84,1670
"chl","Chile",1858,31.81,1730
"chl","Chile",1859,31.79,1780
"chl","Chile",1860,31.76,1820
"chl","Chile",1861,31.74,1800
"chl","Chile",1862,31.72,1780
"chl","Chile",1863,31.69,1830
"chl","Chile",1864,31.67,1910
"chl","Chile",1865,31.65,1960
"chl","Chile",1866,31.62,2000
"chl","Chile",1867,31.6,1910
"chl","Chile",1868,31.58,1960
"chl","Chile",1869,31.55,2120
"chl","Chile",1870,31.53,2140
"chl","Chile",1871,31.51,2100
"chl","Chile",1872,31.48,2190
"chl","Chile",1873,31.46,2320
"chl","Chile",1874,31.43,2240
"chl","Chile",1875,31.41,2350
"chl","Chile",1876,31.39,2280
"chl","Chile",1877,31.36,2180
"chl","Chile",1878,31.34,2240
"chl","Chile",1879,31.32,2540
"chl","Chile",1880,31.29,2770
"chl","Chile",1881,31.27,2850
"chl","Chile",1882,31.25,3080
"chl","Chile",1883,31.22,3070
"chl","Chile",1884,31.2,3090
"chl","Chile",1885,31.18,2920
"chl","Chile",1886,31.15,3000
"chl","Chile",1887,31.13,3190
"chl","Chile",1888,31.1,3000
"chl","Chile",1889,31.08,3100
"chl","Chile",1890,31.06,3330
"chl","Chile",1891,31.03,3480
"chl","Chile",1892,31.01,3440
"chl","Chile",1893,30.99,3530
"chl","Chile",1894,30.96,3410
"chl","Chile",1895,30.94,3780
"chl","Chile",1896,30.92,3870
"chl","Chile",1897,30.89,3670
"chl","Chile",1898,30.87,4130
"chl","Chile",1899,30.85,3970
"chl","Chile",1900,30.82,3880
"chl","Chile",1901,30.8,3910
"chl","Chile",1902,30.77,4130
"chl","Chile",1903,30.46,3870
"chl","Chile",1904,30.15,4170
"chl","Chile",1905,29.84,3970
"chl","Chile",1906,29.53,4200
"chl","Chile",1907,29.22,4360
"chl","Chile",1908,29.47,4600
"chl","Chile",1909,29.71,4630
"chl","Chile",1910,29.96,5130
"chl","Chile",1911,30.2,5130
"chl","Chile",1912,30.44,5500
"chl","Chile",1913,30.48,5540
"chl","Chile",1914,30.51,4660
"chl","Chile",1915,30.54,4360
"chl","Chile",1916,30.58,5270
"chl","Chile",1917,30.61,5290
"chl","Chile",1918,26.85,5270
"chl","Chile",1919,30.34,4410
"chl","Chile",1920,30.2,4860
"chl","Chile",1921,30.06,4270
"chl","Chile",1922,29.92,4370
"chl","Chile",1923,30.92,5170
"chl","Chile",1924,31.92,5470
"chl","Chile",1925,32.92,5610
"chl","Chile",1926,33.91,5380
"chl","Chile",1927,34.9,5200
"chl","Chile",1928,35.2,6420
"chl","Chile",1929,35.49,6500
"chl","Chile",1930,35.78,5580
"chl","Chile",1931,36.07,4470
"chl","Chile",1932,36.36,3380
"chl","Chile",1933,36.41,4140
"chl","Chile",1934,36.46,4890
"chl","Chile",1935,36.5,5160
"chl","Chile",1936,36.55,5250
"chl","Chile",1937,36.6,5820
"chl","Chile",1938,37.48,5800
"chl","Chile",1939,38.37,5840
"chl","Chile",1940,39.25,5930
"chl","Chile",1941,40.13,5810
"chl","Chile",1942,41,5870
"chl","Chile",1943,41.69,5910
"chl","Chile",1944,42.37,5890
"chl","Chile",1945,43.05,6260
"chl","Chile",1946,43.73,6650
"chl","Chile",1947,44.42,5810
"chl","Chile",1948,46.37,6630
"chl","Chile",1949,48.31,6360
"chl","Chile",1950,50.26,6530
"chl","Chile",1951,50.94,6640
"chl","Chile",1952,53.55,6880
"chl","Chile",1953,55.31,7240
"chl","Chile",1954,54.61,6810
"chl","Chile",1955,54.83,6920
"chl","Chile",1956,56.07,6830
"chl","Chile",1957,55.52,7280
"chl","Chile",1958,55.77,7460
"chl","Chile",1959,56.07,6920
"chl","Chile",1960,54.2,7340
"chl","Chile",1961,57.45,7480
"chl","Chile",1962,56.75,7620
"chl","Chile",1963,57.14,7880
"chl","Chile",1964,57.63,7850
"chl","Chile",1965,58.7,7720
"chl","Chile",1966,59.23,8380
"chl","Chile",1967,60.17,8450
"chl","Chile",1968,61,8560
"chl","Chile",1969,61.49,8690
"chl","Chile",1970,61.99,8680
"chl","Chile",1971,62.56,9270
"chl","Chile",1972,62.28,8990
"chl","Chile",1973,63.18,8330
"chl","Chile",1974,64.94,8250
"chl","Chile",1975,66.15,7060
"chl","Chile",1976,66.17,7180
"chl","Chile",1977,67.2,7750
"chl","Chile",1978,68.15,8240
"chl","Chile",1979,68.6,8780
"chl","Chile",1980,69.44,9320
"chl","Chile",1981,70.53,9710
"chl","Chile",1982,71.04,8230
"chl","Chile",1983,70.93,7850
"chl","Chile",1984,71.29,8170
"chl","Chile",1985,71.95,8180
"chl","Chile",1986,72.61,8460
"chl","Chile",1987,73.2,8840
"chl","Chile",1988,73.19,9300
"chl","Chile",1989,73.16,10100
"chl","Chile",1990,73.43,10300
"chl","Chile",1991,74.15,10800
"chl","Chile",1992,74.74,11800
"chl","Chile",1993,74.95,12400
"chl","Chile",1994,75.23,12800
"chl","Chile",1995,75.28,13700
"chl","Chile",1996,75.49,14400
"chl","Chile",1997,75.96,15200
"chl","Chile",1998,76.2,15500
"chl","Chile",1999,76.45,15200
"chl","Chile",2000,76.93,15700
"chl","Chile",2001,76.99,16000
"chl","Chile",2002,77.37,16300
"chl","Chile",2003,77.44,16800
"chl","Chile",2004,77.56,17800
"chl","Chile",2005,77.89,18600
"chl","Chile",2006,78.2,19500
"chl","Chile",2007,78.38,20300
"chl","Chile",2008,78.72,20800
"chl","Chile",2009,78.63,20400
"chl","Chile",2010,78.61,21300
"chl","Chile",2011,78.96,22400
"chl","Chile",2012,79.17,23600
"chl","Chile",2013,79.31,24100
"chl","Chile",2014,79.49,24300
"chl","Chile",2015,79.63,24600
"chl","Chile",2016,79.97,24700
"chl","Chile",2017,79.98,24700
"chl","Chile",2018,80.07,25200
"chl","Chile",2019,80.16,24900
"chl","Chile",2020,79.21,23100
"chl","Chile",2021,78.78,25400
"chl","Chile",2022,79.35,25800
"chl","Chile",2023,80.99,25800
"chl","Chile",2024,81.19,26200
"chl","Chile",2025,81.39,26700
"chl","Chile",2026,81.59,27100
"chl","Chile",2027,81.79,27700
"chl","Chile",2028,81.98,28300
"chl","Chile",2029,82.17,29000
"chl","Chile",2030,82.36,28800
"chl","Chile",2031,82.55,29400
"chl","Chile",2032,82.74,29900
"chl","Chile",2033,82.93,30500
"chl","Chile",2034,83.1,31100
"chl","Chile",2035,83.28,31600
"chl","Chile",2036,83.44,32200
"chl","Chile",2037,83.61,32800
"chl","Chile",2038,83.78,33400
"chl","Chile",2039,83.94,34000
"chl","Chile",2040,84.09,34600
"chl","Chile",2041,84.24,35200
"chl","Chile",2042,84.39,35800
"chl","Chile",2043,84.54,36400
"chl","Chile",2044,84.69,37000
"chl","Chile",2045,84.83,37600
"chl","Chile",2046,84.98,38200
"chl","Chile",2047,85.12,38800
"chl","Chile",2048,85.26,39400
"chl","Chile",2049,85.39,40000
"chl","Chile",2050,85.53,40700
"chl","Chile",2051,85.67,41300
"chl","Chile",2052,85.8,41900
"chl","Chile",2053,85.93,42500
"chl","Chile",2054,86.06,43200
"chl","Chile",2055,86.21,43800
"chl","Chile",2056,86.33,44400
"chl","Chile",2057,86.46,45000
"chl","Chile",2058,86.59,45600
"chl","Chile",2059,86.73,46300
"chl","Chile",2060,86.85,46900
"chl","Chile",2061,86.98,47500
"chl","Chile",2062,87.11,48100
"chl","Chile",2063,87.24,48800
"chl","Chile",2064,87.37,49400
"chl","Chile",2065,87.49,50000
"chl","Chile",2066,87.61,50600
"chl","Chile",2067,87.74,51200
"chl","Chile",2068,87.86,51800
"chl","Chile",2069,87.98,52400
"chl","Chile",2070,88.12,53000
"chl","Chile",2071,88.24,53600
"chl","Chile",2072,88.36,54200
"chl","Chile",2073,88.48,54800
"chl","Chile",2074,88.6,55400
"chl","Chile",2075,88.73,56000
"chl","Chile",2076,88.85,56600
"chl","Chile",2077,88.96,57200
"chl","Chile",2078,89.08,57800
"chl","Chile",2079,89.2,58300
"chl","Chile",2080,89.32,58900
"chl","Chile",2081,89.44,59500
"chl","Chile",2082,89.56,60000
"chl","Chile",2083,89.69,60600
"chl","Chile",2084,89.8,61100
"chl","Chile",2085,89.93,61700
"chl","Chile",2086,90.04,62200
"chl","Chile",2087,90.16,62700
"chl","Chile",2088,90.28,63300
"chl","Chile",2089,90.39,63800
"chl","Chile",2090,90.51,64300
"chl","Chile",2091,90.63,64800
"chl","Chile",2092,90.74,65400
"chl","Chile",2093,90.86,65900
"chl","Chile",2094,90.98,66400
"chl","Chile",2095,91.09,66900
"chl","Chile",2096,91.21,67300
"chl","Chile",2097,91.32,67800
"chl","Chile",2098,91.44,68300
"chl","Chile",2099,91.56,68800
"chl","Chile",2100,91.67,69200
"col","Colombia",1800,32,1080
"col","Colombia",1801,32,1070
"col","Colombia",1802,32,1070
"col","Colombia",1803,32,1060
"col","Colombia",1804,32,1060
"col","Colombia",1805,32,1050
"col","Colombia",1806,32,1050
"col","Colombia",1807,32,1040
"col","Colombia",1808,32,1030
"col","Colombia",1809,32,1030
"col","Colombia",1810,32,1020
"col","Colombia",1811,32,1020
"col","Colombia",1812,32,1010
"col","Colombia",1813,32,1010
"col","Colombia",1814,32,1000
"col","Colombia",1815,32,998
"col","Colombia",1816,32,993
"col","Colombia",1817,32,988
"col","Colombia",1818,32,983
"col","Colombia",1819,32,978
"col","Colombia",1820,32,973
"col","Colombia",1821,32,970
"col","Colombia",1822,32,968
"col","Colombia",1823,32,965
"col","Colombia",1824,32,963
"col","Colombia",1825,32,960
"col","Colombia",1826,32,957
"col","Colombia",1827,32,955
"col","Colombia",1828,32,952
"col","Colombia",1829,32,950
"col","Colombia",1830,32,947
"col","Colombia",1831,32,945
"col","Colombia",1832,32,942
"col","Colombia",1833,32,939
"col","Colombia",1834,32,937
"col","Colombia",1835,32,934
"col","Colombia",1836,32,932
"col","Colombia",1837,32,929
"col","Colombia",1838,32,927
"col","Colombia",1839,32,924
"col","Colombia",1840,32,922
"col","Colombia",1841,32,919
"col","Colombia",1842,32,917
"col","Colombia",1843,32,914
"col","Colombia",1844,32,912
"col","Colombia",1845,32,910
"col","Colombia",1846,32,907
"col","Colombia",1847,32,905
"col","Colombia",1848,32,902
"col","Colombia",1849,32,900
"col","Colombia",1850,32,897
"col","Colombia",1851,32.03,911
"col","Colombia",1852,32.07,925
"col","Colombia",1853,32.1,939
"col","Colombia",1854,32.13,954
"col","Colombia",1855,32.17,968
"col","Colombia",1856,32.2,983
"col","Colombia",1857,32.23,998
"col","Colombia",1858,32.26,1010
"col","Colombia",1859,32.3,1030
"col","Colombia",1860,32.33,1050
"col","Colombia",1861,32.36,1060
"col","Colombia",1862,32.4,1080
"col","Colombia",1863,32.43,1100
"col","Colombia",1864,32.46,1120
"col","Colombia",1865,32.5,1140
"col","Colombia",1866,32.53,1150
"col","Colombia",1867,32.56,1170
"col","Colombia",1868,32.59,1190
"col","Colombia",1869,32.63,1210
"col","Colombia",1870,32.66,1230
"col","Colombia",1871,32.69,1240
"col","Colombia",1872,32.73,1250
"col","Colombia",1873,32.76,1250
"col","Colombia",1874,32.79,1260
"col","Colombia",1875,32.83,1260
"col","Colombia",1876,32.86,1270
"col","Colombia",1877,32.89,1280
"col","Colombia",1878,32.92,1280
"col","Colombia",1879,32.96,1290
"col","Colombia",1880,32.99,1300
"col","Colombia",1881,33.02,1300
"col","Colombia",1882,33.06,1310
"col","Colombia",1883,33.09,1320
"col","Colombia",1884,33.12,1320
"col","Colombia",1885,33.16,1330
"col","Colombia",1886,33.19,1340
"col","Colombia",1887,33.22,1330
"col","Colombia",1888,33.25,1320
"col","Colombia",1889,33.29,1320
"col","Colombia",1890,33.32,1310
"col","Colombia",1891,33.35,1300
"col","Colombia",1892,33.39,1300
"col","Colombia",1893,33.42,1290
"col","Colombia",1894,33.45,1280
"col","Colombia",1895,33.49,1280
"col","Colombia",1896,33.52,1270
"col","Colombia",1897,33.55,1260
"col","Colombia",1898,33.58,1260
"col","Colombia",1899,33.62,1250
"col","Colombia",1900,33.65,1250
"col","Colombia",1901,33.68,1240
"col","Colombia",1902,33.72,1230
"col","Colombia",1903,33.75,1230
"col","Colombia",1904,33.78,1220
"col","Colombia",1905,33.82,1220
"col","Colombia",1906,33.85,1220
"col","Colombia",1907,33.88,1280
"col","Colombia",1908,33.91,1330
"col","Colombia",1909,33.95,1370
"col","Colombia",1910,33.98,1420
"col","Colombia",1911,34.01,1460
"col","Colombia",1912,34.05,1510
"col","Colombia",1913,34.08,1540
"col","Colombia",1914,34.11,1570
"col","Colombia",1915,34.15,1610
"col","Colombia",1916,34.18,1660
"col","Colombia",1917,34.21,1700
"col","Colombia",1918,30.26,1760
"col","Colombia",1919,34.28,1860
"col","Colombia",1920,34.31,1950
"col","Colombia",1921,34.34,2020
"col","Colombia",1922,34.38,2120
"col","Colombia",1923,34.41,2210
"col","Colombia",1924,34.44,2290
"col","Colombia",1925,34.48,2290
"col","Colombia",1926,34.51,2440
"col","Colombia",1927,34.54,2600
"col","Colombia",1928,34.57,2720
"col","Colombia",1929,34.61,2750
"col","Colombia",1930,34.64,2690
"col","Colombia",1931,35.3,2640
"col","Colombia",1932,35.95,2760
"col","Colombia",1933,36.62,2880
"col","Colombia",1934,37.27,2780
"col","Colombia",1935,37.94,3060
"col","Colombia",1936,38.6,3180
"col","Colombia",1937,39.26,3190
"col","Colombia",1938,39.92,3360
"col","Colombia",1939,40.92,3480
"col","Colombia",1940,41.91,3460
"col","Colombia",1941,42.98,3420
"col","Colombia",1942,44.05,3340
"col","Colombia",1943,45.12,3260
"col","Colombia",1944,46.19,3390
"col","Colombia",1945,47.5,3460
"col","Colombia",1946,48.82,3670
"col","Colombia",1947,50.13,3710
"col","Colombia",1948,51.44,3730
"col","Colombia",1949,52.77,3830
"col","Colombia",1950,54.09,3910
"col","Colombia",1951,54.62,3900
"col","Colombia",1952,55.92,4010
"col","Colombia",1953,56.41,4140
"col","Colombia",1954,57.51,4290
"col","Colombia",1955,57.49,4320
"col","Colombia",1956,57.24,4340
"col","Colombia",1957,57.94,4320
"col","Colombia",1958,58.45,4270
"col","Colombia",1959,58.77,4420
"col","Colombia",1960,59.26,4480
"col","Colombia",1961,59.54,4560
"col","Colombia",1962,60.15,4650
"col","Colombia",1963,60.89,4640
"col","Colombia",1964,61.45,4810
"col","Colombia",1965,61.58,4780
"col","Colombia",1966,62.11,4890
"col","Colombia",1967,62.38,4940
"col","Colombia",1968,63.13,5110
"col","Colombia",1969,64.4,5290
"col","Colombia",1970,65.93,5500
"col","Colombia",1971,65.86,5670
"col","Colombia",1972,65.14,5960
"col","Colombia",1973,64.93,6210
"col","Colombia",1974,65.29,6420
"col","Colombia",1975,66.27,6420
"col","Colombia",1976,66.76,6570
"col","Colombia",1977,67.79,6700
"col","Colombia",1978,68.15,7120
"col","Colombia",1979,68.45,7340
"col","Colombia",1980,68.92,7460
"col","Colombia",1981,69.18,7460
"col","Colombia",1982,69.61,7360
"col","Colombia",1983,69.77,7310
"col","Colombia",1984,70.24,7390
"col","Colombia",1985,67.21,7590
"col","Colombia",1986,70.22,7870
"col","Colombia",1987,70.22,8120
"col","Colombia",1988,70.61,8270
"col","Colombia",1989,70.85,8370
"col","Colombia",1990,71.45,8550
"col","Colombia",1991,70.99,8540
"col","Colombia",1992,71.13,8720
"col","Colombia",1993,71.68,9010
"col","Colombia",1994,72.06,9330
"col","Colombia",1995,72.55,9630
"col","Colombia",1996,72.76,9650
"col","Colombia",1997,73.55,9800
"col","Colombia",1998,74.03,9680
"col","Colombia",1999,74.09,9120
"col","Colombia",2000,74.23,9230
"col","Colombia",2001,74.37,9230
"col","Colombia",2002,73.37,9310
"col","Colombia",2003,75.15,9530
"col","Colombia",2004,75.62,9890
"col","Colombia",2005,76.52,10200
"col","Colombia",2006,76.72,10700
"col","Colombia",2007,77.33,11300
"col","Colombia",2008,77.57,11500
"col","Colombia",2009,77.5,11500
"col","Colombia",2010,77.89,11900
"col","Colombia",2011,78.65,12600
"col","Colombia",2012,78.98,13000
"col","Colombia",2013,79.31,13500
"col","Colombia",2014,79.67,14000
"col","Colombia",2015,79.69,14200
"col","Colombia",2016,79.85,14400
"col","Colombia",2017,79.97,14400
"col","Colombia",2018,80.08,14400
"col","Colombia",2019,80.19,14600
"col","Colombia",2020,78.12,13400
"col","Colombia",2021,76.09,14700
"col","Colombia",2022,76.96,15600
"col","Colombia",2023,80.99,15700
"col","Colombia",2024,81.18,15700
"col","Colombia",2025,81.37,15900
"col","Colombia",2026,81.56,16200
"col","Colombia",2027,81.75,16600
"col","Colombia",2028,81.95,17000
"col","Colombia",2029,82.14,17400
"col","Colombia",2030,82.32,17400
"col","Colombia",2031,82.52,17800
"col","Colombia",2032,82.7,18200
"col","Colombia",2033,82.88,18600
"col","Colombia",2034,83.07,19100
"col","Colombia",2035,83.26,19500
"col","Colombia",2036,83.45,19900
"col","Colombia",2037,83.63,20400
"col","Colombia",2038,83.81,20800
"col","Colombia",2039,84,21300
"col","Colombia",2040,84.18,21700
"col","Colombia",2041,84.37,22200
"col","Colombia",2042,84.55,22700
"col","Colombia",2043,84.73,23200
"col","Colombia",2044,84.91,23600
"col","Colombia",2045,85.09,24100
"col","Colombia",2046,85.28,24600
"col","Colombia",2047,85.45,25200
"col","Colombia",2048,85.63,25700
"col","Colombia",2049,85.81,26200
"col","Colombia",2050,85.98,26700
"col","Colombia",2051,86.15,27300
"col","Colombia",2052,86.31,27800
"col","Colombia",2053,86.48,28300
"col","Colombia",2054,86.65,28900
"col","Colombia",2055,86.81,29400
"col","Colombia",2056,86.97,30000
"col","Colombia",2057,87.12,30600
"col","Colombia",2058,87.28,31100
"col","Colombia",2059,87.43,31700
"col","Colombia",2060,87.58,32300
"col","Colombia",2061,87.73,32900
"col","Colombia",2062,87.88,33500
"col","Colombia",2063,88.01,34000
"col","Colombia",2064,88.15,34600
"col","Colombia",2065,88.29,35200
"col","Colombia",2066,88.44,35800
"col","Colombia",2067,88.58,36400
"col","Colombia",2068,88.72,37100
"col","Colombia",2069,88.85,37700
"col","Colombia",2070,88.99,38300
"col","Colombia",2071,89.12,38900
"col","Colombia",2072,89.25,39500
"col","Colombia",2073,89.38,40100
"col","Colombia",2074,89.52,40800
"col","Colombia",2075,89.64,41400
"col","Colombia",2076,89.78,42000
"col","Colombia",2077,89.91,42600
"col","Colombia",2078,90.04,43200
"col","Colombia",2079,90.17,43900
"col","Colombia",2080,90.28,44500
"col","Colombia",2081,90.42,45100
"col","Colombia",2082,90.55,45700
"col","Colombia",2083,90.68,46400
"col","Colombia",2084,90.81,47000
"col","Colombia",2085,90.93,47600
"col","Colombia",2086,91.05,48200
"col","Colombia",2087,91.18,48900
"col","Colombia",2088,91.3,49500
"col","Colombia",2089,91.43,50100
"col","Colombia",2090,91.55,50700
"col","Colombia",2091,91.68,51300
"col","Colombia",2092,91.8,51900
"col","Colombia",2093,91.92,52600
"col","Colombia",2094,92.05,53200
"col","Colombia",2095,92.17,53800
"col","Colombia",2096,92.29,54400
"col","Colombia",2097,92.42,55000
"col","Colombia",2098,92.55,55600
"col","Colombia",2099,92.67,56100
"col","Colombia",2100,92.79,56700
"ecu","Ecuador",1800,32.9,524
"ecu","Ecuador",1801,32.9,524
"ecu","Ecuador",1802,32.9,524
"ecu","Ecuador",1803,32.9,524
"ecu","Ecuador",1804,32.9,524
"ecu","Ecuador",1805,32.9,524
"ecu","Ecuador",1806,32.9,524
"ecu","Ecuador",1807,32.9,525
"ecu","Ecuador",1808,32.9,525
"ecu","Ecuador",1809,32.9,525
"ecu","Ecuador",1810,32.9,525
"ecu","Ecuador",1811,32.9,525
"ecu","Ecuador",1812,32.9,525
"ecu","Ecuador",1813,32.9,525
"ecu","Ecuador",1814,32.9,525
"ecu","Ecuador",1815,32.9,525
"ecu","Ecuador",1816,32.9,525
"ecu","Ecuador",1817,32.9,525
"ecu","Ecuador",1818,32.9,525
"ecu","Ecuador",1819,32.9,525
"ecu","Ecuador",1820,32.9,526
"ecu","Ecuador",1821,32.9,528
"ecu","Ecuador",1822,32.9,531
"ecu","Ecuador",1823,32.9,535
"ecu","Ecuador",1824,32.9,538
"ecu","Ecuador",1825,32.9,542
"ecu","Ecuador",1826,32.9,545
"ecu","Ecuador",1827,32.9,549
"ecu","Ecuador",1828,32.9,552
"ecu","Ecuador",1829,32.9,556
"ecu","Ecuador",1830,32.9,560
"ecu","Ecuador",1831,32.9,563
"ecu","Ecuador",1832,32.9,567
"ecu","Ecuador",1833,32.9,570
"ecu","Ecuador",1834,32.9,574
"ecu","Ecuador",1835,32.9,578
"ecu","Ecuador",1836,32.9,582
"ecu","Ecuador",1837,32.9,585
"ecu","Ecuador",1838,32.9,589
"ecu","Ecuador",1839,32.9,593
"ecu","Ecuador",1840,32.9,597
"ecu","Ecuador",1841,32.9,605
"ecu","Ecuador",1842,32.9,613
"ecu","Ecuador",1843,32.9,622
"ecu","Ecuador",1844,32.9,628
"ecu","Ecuador",1845,32.9,636
"ecu","Ecuador",1846,32.9,645
"ecu","Ecuador",1847,32.9,653
"ecu","Ecuador",1848,32.9,662
"ecu","Ecuador",1849,32.9,671
"ecu","Ecuador",1850,32.9,680
"ecu","Ecuador",1851,32.92,688
"ecu","Ecuador",1852,32.93,697
"ecu","Ecuador",1853,32.95,706
"ecu","Ecuador",1854,32.97,715
"ecu","Ecuador",1855,32.99,723
"ecu","Ecuador",1856,33,733
"ecu","Ecuador",1857,33.02,742
"ecu","Ecuador",1858,33.04,751
"ecu","Ecuador",1859,33.06,761
"ecu","Ecuador",1860,33.07,770
"ecu","Ecuador",1861,33.09,779
"ecu","Ecuador",1862,33.11,790
"ecu","Ecuador",1863,33.13,799
"ecu","Ecuador",1864,33.14,810
"ecu","Ecuador",1865,33.16,818
"ecu","Ecuador",1866,33.18,829
"ecu","Ecuador",1867,33.2,839
"ecu","Ecuador",1868,33.21,849
"ecu","Ecuador",1869,33.23,860
"ecu","Ecuador",1870,33.25,870
"ecu","Ecuador",1871,33.27,870
"ecu","Ecuador",1872,33.28,870
"ecu","Ecuador",1873,33.3,870
"ecu","Ecuador",1874,33.32,870
"ecu","Ecuador",1875,33.33,870
"ecu","Ecuador",1876,33.35,870
"ecu","Ecuador",1877,33.37,870
"ecu","Ecuador",1878,33.39,870
"ecu","Ecuador",1879,33.4,870
"ecu","Ecuador",1880,33.42,870
"ecu","Ecuador",1881,33.44,884
"ecu","Ecuador",1882,33.46,898
"ecu","Ecuador",1883,33.47,913
"ecu","Ecuador",1884,33.49,928
"ecu","Ecuador",1885,33.51,943
"ecu","Ecuador",1886,33.53,958
"ecu","Ecuador",1887,33.54,974
"ecu","Ecuador",1888,33.56,990
"ecu","Ecuador",1889,33.58,1010
"ecu","Ecuador",1890,33.6,1020
"ecu","Ecuador",1891,33.61,1040
"ecu","Ecuador",1892,33.63,1070
"ecu","Ecuador",1893,33.65,1090
"ecu","Ecuador",1894,33.67,1110
"ecu","Ecuador",1895,33.68,1130
"ecu","Ecuador",1896,33.7,1160
"ecu","Ecuador",1897,33.72,1180
"ecu","Ecuador",1898,33.73,1210
"ecu","Ecuador",1899,33.75,1230
"ecu","Ecuador",1900,33.77,1260
"ecu","Ecuador",1901,33.79,1280
"ecu","Ecuador",1902,33.8,1310
"ecu","Ecuador",1903,33.82,1330
"ecu","Ecuador",1904,33.84,1360
"ecu","Ecuador",1905,33.86,1390
"ecu","Ecuador",1906,33.87,1420
"ecu","Ecuador",1907,33.89,1440
"ecu","Ecuador",1908,33.91,1490
"ecu","Ecuador",1909,33.93,1530
"ecu","Ecuador",1910,33.94,1580
"ecu","Ecuador",1911,33.96,1630
"ecu","Ecuador",1912,33.98,1670
"ecu","Ecuador",1913,34,1720
"ecu","Ecuador",1914,34.01,1760
"ecu","Ecuador",1915,34.03,1790
"ecu","Ecuador",1916,34.05,1810
"ecu","Ecuador",1917,34.07,1830
"ecu","Ecuador",1918,30.13,1850
"ecu","Ecuador",1919,34.1,1890
"ecu","Ecuador",1920,34.12,1920
"ecu","Ecuador",1921,34.13,1940
"ecu","Ecuador",1922,34.15,1960
"ecu","Ecuador",1923,34.17,1980
"ecu","Ecuador",1924,34.19,2000
"ecu","Ecuador",1925,34.2,2020
"ecu","Ecuador",1926,34.22,2040
"ecu","Ecuador",1927,34.24,2100
"ecu","Ecuador",1928,34.26,2170
"ecu","Ecuador",1929,34.27,2230
"ecu","Ecuador",1930,34.29,2250
"ecu","Ecuador",1931,34.31,2210
"ecu","Ecuador",1932,34.33,2160
"ecu","Ecuador",1933,34.34,2160
"ecu","Ecuador",1934,34.36,2160
"ecu","Ecuador",1935,34.38,2160
"ecu","Ecuador",1936,34.4,2180
"ecu","Ecuador",1937,34.41,2210
"ecu","Ecuador",1938,34.43,2230
"ecu","Ecuador",1939,34.45,2250
"ecu","Ecuador",1940,35.84,2350
"ecu","Ecuador",1941,37.27,2310
"ecu","Ecuador",1942,38.7,2360
"ecu","Ecuador",1943,40.15,2590
"ecu","Ecuador",1944,41.6,2560
"ecu","Ecuador",1945,43.04,2510
"ecu","Ecuador",1946,44.48,2740
"ecu","Ecuador",1947,45.93,2960
"ecu","Ecuador",1948,47.37,3270
"ecu","Ecuador",1949,48.82,3240
"ecu","Ecuador",1950,50.27,3420
"ecu","Ecuador",1951,50.89,3380
"ecu","Ecuador",1952,51.57,3700
"ecu","Ecuador",1953,52.27,3690
"ecu","Ecuador",1954,53.38,3900
"ecu","Ecuador",1955,53.94,3910
"ecu","Ecuador",1956,54.45,3950
"ecu","Ecuador",1957,54.74,4020
"ecu","Ecuador",1958,54.92,4020
"ecu","Ecuador",1959,55.9,4120
"ecu","Ecuador",1960,56.1,4260
"ecu","Ecuador",1961,57.16,4280
"ecu","Ecuador",1962,57.71,4380
"ecu","Ecuador",1963,58.17,4360
"ecu","Ecuador",1964,59.34,4540
"ecu","Ecuador",1965,59.75,4730
"ecu","Ecuador",1966,60.03,4710
"ecu","Ecuador",1967,60.44,4850
"ecu","Ecuador",1968,60.91,4940
"ecu","Ecuador",1969,60.76,4990
"ecu","Ecuador",1970,61.35,5180
"ecu","Ecuador",1971,61.95,5330
"ecu","Ecuador",1972,62.16,5470
"ecu","Ecuador",1973,62.53,6010
"ecu","Ecuador",1974,63.21,6330
"ecu","Ecuador",1975,64.09,6660
"ecu","Ecuador",1976,64.8,7040
"ecu","Ecuador",1977,65.71,7110
"ecu","Ecuador",1978,66,7360
"ecu","Ecuador",1979,66.73,7490
"ecu","Ecuador",1980,67.01,7590
"ecu","Ecuador",1981,67.88,7680
"ecu","Ecuador",1982,68.4,7550
"ecu","Ecuador",1983,68.26,7170
"ecu","Ecuador",1984,69.12,7270
"ecu","Ecuador",1985,69.88,7390
"ecu","Ecuador",1986,70.39,7420
"ecu","Ecuador",1987,69.1,6790
"ecu","Ecuador",1988,70.8,7320
"ecu","Ecuador",1989,71.52,7160
"ecu","Ecuador",1990,71.95,7200
"ecu","Ecuador",1991,71.55,7390
"ecu","Ecuador",1992,72.07,7450
"ecu","Ecuador",1993,72.54,7460
"ecu","Ecuador",1994,73.17,7630
"ecu","Ecuador",1995,73.63,7650
"ecu","Ecuador",1996,73.53,7640
"ecu","Ecuador",1997,74.21,7830
"ecu","Ecuador",1998,74.07,7940
"ecu","Ecuador",1999,74.2,7440
"ecu","Ecuador",2000,74.46,7390
"ecu","Ecuador",2001,74.96,7570
"ecu","Ecuador",2002,74.13,7800
"ecu","Ecuador",2003,73.91,7880
"ecu","Ecuador",2004,73.89,8270
"ecu","Ecuador",2005,73.61,8560
"ecu","Ecuador",2006,73.6,8760
"ecu","Ecuador",2007,73.72,8770
"ecu","Ecuador",2008,73.81,9170
"ecu","Ecuador",2009,74.11,9100
"ecu","Ecuador",2010,74.27,9290
"ecu","Ecuador",2011,74.87,9920
"ecu","Ecuador",2012,74.94,10300
"ecu","Ecuador",2013,75.23,10900
"ecu","Ecuador",2014,75.56,11200
"ecu","Ecuador",2015,75.88,11000
"ecu","Ecuador",2016,75.86,10800
"ecu","Ecuador",2017,76.02,11300
"ecu","Ecuador",2018,76.19,11200
"ecu","Ecuador",2019,76.38,11000
"ecu","Ecuador",2020,71.29,9830
"ecu","Ecuador",2021,72.79,10700
"ecu","Ecuador",2022,76.97,11200
"ecu","Ecuador",2023,77.15,11300
"ecu","Ecuador",2024,77.33,11200
"ecu","Ecuador",2025,77.51,11100
"ecu","Ecuador",2026,77.69,11200
"ecu","Ecuador",2027,77.87,11300
"ecu","Ecuador",2028,78.05,11500
"ecu","Ecuador",2029,78.23,11700
"ecu","Ecuador",2030,78.4,11400
"ecu","Ecuador",2031,78.58,11700
"ecu","Ecuador",2032,78.75,12000
"ecu","Ecuador",2033,78.93,12300
"ecu","Ecuador",2034,79.1,12600
"ecu","Ecuador",2035,79.27,12900
"ecu","Ecuador",2036,79.44,13200
"ecu","Ecuador",2037,79.61,13500
"ecu","Ecuador",2038,79.78,13900
"ecu","Ecuador",2039,79.96,14200
"ecu","Ecuador",2040,80.13,14500
"ecu","Ecuador",2041,80.29,14900
"ecu","Ecuador",2042,80.46,15200
"ecu","Ecuador",2043,80.63,15600
"ecu","Ecuador",2044,80.79,15900
"ecu","Ecuador",2045,80.95,16300
"ecu","Ecuador",2046,81.11,16700
"ecu","Ecuador",2047,81.27,17100
"ecu","Ecuador",2048,81.43,17500
"ecu","Ecuador",2049,81.59,17900
"ecu","Ecuador",2050,81.75,18300
"ecu","Ecuador",2051,81.89,18700
"ecu","Ecuador",2052,82.05,19100
"ecu","Ecuador",2053,82.19,19500
"ecu","Ecuador",2054,82.34,20000
"ecu","Ecuador",2055,82.49,20400
"ecu","Ecuador",2056,82.63,20900
"ecu","Ecuador",2057,82.76,21300
"ecu","Ecuador",2058,82.9,21800
"ecu","Ecuador",2059,83.03,22300
"ecu","Ecuador",2060,83.17,22700
"ecu","Ecuador",2061,83.3,23200
"ecu","Ecuador",2062,83.43,23700
"ecu","Ecuador",2063,83.56,24200
"ecu","Ecuador",2064,83.69,24700
"ecu","Ecuador",2065,83.82,25200
"ecu","Ecuador",2066,83.94,25700
"ecu","Ecuador",2067,84.06,26200
"ecu","Ecuador",2068,84.19,26800
"ecu","Ecuador",2069,84.31,27300
"ecu","Ecuador",2070,84.43,27800
"ecu","Ecuador",2071,84.55,28400
"ecu","Ecuador",2072,84.67,28900
"ecu","Ecuador",2073,84.8,29500
"ecu","Ecuador",2074,84.91,30000
"ecu","Ecuador",2075,85.02,30600
"ecu","Ecuador",2076,85.14,31200
"ecu","Ecuador",2077,85.26,31800
"ecu","Ecuador",2078,85.38,32300
"ecu","Ecuador",2079,85.48,32900
"ecu","Ecuador",2080,85.6,33500
"ecu","Ecuador",2081,85.71,34100
"ecu","Ecuador",2082,85.82,34700
"ecu","Ecuador",2083,85.94,35300
"ecu","Ecuador",2084,86.06,35900
"ecu","Ecuador",2085,86.17,36500
"ecu","Ecuador",2086,86.28,37100
"ecu","Ecuador",2087,86.38,37700
"ecu","Ecuador",2088,86.5,38300
"ecu","Ecuador",2089,86.61,38900
"ecu","Ecuador",2090,86.72,39500
"ecu","Ecuador",2091,86.82,40200
"ecu","Ecuador",2092,86.94,40800
"ecu","Ecuador",2093,87.04,41400
"ecu","Ecuador",2094,87.16,42000
"ecu","Ecuador",2095,87.26,42600
"ecu","Ecuador",2096,87.37,43300
"ecu","Ecuador",2097,87.48,43900
"ecu","Ecuador",2098,87.59,44500
"ecu","Ecuador",2099,87.69,45100
"ecu","Ecuador",2100,87.79,45800
"guy","Guyana",1800,31.12,1390
"guy","Guyana",1801,31.12,1390
"guy","Guyana",1802,31.12,1390
"guy","Guyana",1803,31.12,1390
"guy","Guyana",1804,31.12,1390
"guy","Guyana",1805,31.12,1390
"guy","Guyana",1806,31.12,1390
"guy","Guyana",1807,31.12,1390
"guy","Guyana",1808,31.12,1390
"guy","Guyana",1809,31.12,1390
"guy","Guyana",1810,31.12,1390
"guy","Guyana",1811,31.12,1390
"guy","Guyana",1812,31.12,1390
"guy","Guyana",1813,31.12,1390
"guy","Guyana",1814,31.12,1390
"guy","Guyana",1815,31.12,1390
"guy","Guyana",1816,31.12,1390
"guy","Guyana",1817,31.12,1390
"guy","Guyana",1818,31.12,1390
"guy","Guyana",1819,31.12,1390
"guy","Guyana",1820,31.12,1390
"guy","Guyana",1821,31.12,1400
"guy","Guyana",1822,31.12,1410
"guy","Guyana",1823,31.12,1420
"guy","Guyana",1824,31.12,1430
"guy","Guyana",1825,31.12,1440
"guy","Guyana",1826,31.12,1450
"guy","Guyana",1827,31.12,1460
"guy","Guyana",1828,31.12,1470
"guy","Guyana",1829,31.12,1480
"guy","Guyana",1830,31.12,1490
"guy","Guyana",1831,31.12,1500
"guy","Guyana",1832,31.12,1510
"guy","Guyana",1833,31.12,1520
"guy","Guyana",1834,31.12,1530
"guy","Guyana",1835,31.12,1540
"guy","Guyana",1836,31.12,1550
"guy","Guyana",1837,31.12,1560
"guy","Guyana",1838,31.12,1570
"guy","Guyana",1839,31.12,1580
"guy","Guyana",1840,31.12,1590
"guy","Guyana",1841,31.12,1610
"guy","Guyana",1842,31.12,1620
"guy","Guyana",1843,31.12,1630
"guy","Guyana",1844,31.12,1640
"guy","Guyana",1845,31.12,1650
"guy","Guyana",1846,31.12,1660
"guy","Guyana",1847,31.12,1670
"guy","Guyana",1848,31.12,1680
"guy","Guyana",1849,31.12,1690
"guy","Guyana",1850,31.12,1710
"guy","Guyana",1851,31.09,1720
"guy","Guyana",1852,31.06,1730
"guy","Guyana",1853,31.03,1740
"guy","Guyana",1854,31,1750
"guy","Guyana",1855,30.97,1760
"guy","Guyana",1856,30.94,1780
"guy","Guyana",1857,30.91,1790
"guy","Guyana",1858,30.88,1800
"guy","Guyana",1859,30.85,1810
"guy","Guyana",1860,30.82,1820
"guy","Guyana",1861,30.79,1840
"guy","Guyana",1862,30.76,1850
"guy","Guyana",1863,30.73,1860
"guy","Guyana",1864,30.7,1870
"guy","Guyana",1865,30.67,1890
"guy","Guyana",1866,30.64,1900
"guy","Guyana",1867,30.61,1910
"guy","Guyana",1868,30.57,1930
"guy","Guyana",1869,30.54,1940
"guy","Guyana",1870,30.51,1950
"guy","Guyana",1871,30.48,1970
"guy","Guyana",1872,30.45,1980
"guy","Guyana",1873,30.42,1990
"guy","Guyana",1874,30.39,2010
"guy","Guyana",1875,30.36,2020
"guy","Guyana",1876,30.33,2030
"guy","Guyana",1877,30.3,2050
"guy","Guyana",1878,30.27,2060
"guy","Guyana",1879,30.24,2070
"guy","Guyana",1880,30.21,2090
"guy","Guyana",1881,30.18,2100
"guy","Guyana",1882,30.15,2120
"guy","Guyana",1883,30.12,2130
"guy","Guyana",1884,30.09,2150
"guy","Guyana",1885,30.06,2160
"guy","Guyana",1886,30.03,2170
"guy","Guyana",1887,30,2190
"guy","Guyana",1888,29.97,2200
"guy","Guyana",1889,29.94,2220
"guy","Guyana",1890,29.91,2230
"guy","Guyana",1891,29.88,2250
"guy","Guyana",1892,29.85,2260
"guy","Guyana",1893,29.82,2280
"guy","Guyana",1894,29.79,2290
"guy","Guyana",1895,29.76,2310
"guy","Guyana",1896,29.73,2320
"guy","Guyana",1897,29.7,2340
"guy","Guyana",1898,29.67,2360
"guy","Guyana",1899,29.64,2370
"guy","Guyana",1900,29.61,2390
"guy","Guyana",1901,29.58,2400
"guy","Guyana",1902,29.55,2420
"guy","Guyana",1903,29.52,2440
"guy","Guyana",1904,29.48,2450
"guy","Guyana",1905,29.45,2470
"guy","Guyana",1906,29.42,2490
"guy","Guyana",1907,29.39,2500
"guy","Guyana",1908,29.36,2520
"guy","Guyana",1909,29.33,2540
"guy","Guyana",1910,29.3,2550
"guy","Guyana",1911,29.27,2570
"guy","Guyana",1912,29.57,2590
"guy","Guyana",1913,29.87,2610
"guy","Guyana",1914,30.17,2650
"guy","Guyana",1915,30.46,2690
"guy","Guyana",1916,30.76,2730
"guy","Guyana",1917,31.05,2770
"guy","Guyana",1918,27.43,2810
"guy","Guyana",1919,31.64,2850
"guy","Guyana",1920,31.94,2890
"guy","Guyana",1921,32.23,2940
"guy","Guyana",1922,32.9,2990
"guy","Guyana",1923,33.56,3040
"guy","Guyana",1924,34.23,3080
"guy","Guyana",1925,34.89,3130
"guy","Guyana",1926,35.56,3180
"guy","Guyana",1927,36.23,3230
"guy","Guyana",1928,36.88,3290
"guy","Guyana",1929,37.54,3340
"guy","Guyana",1930,38.2,3390
"guy","Guyana",1931,38.87,3450
"guy","Guyana",1932,39.55,3500
"guy","Guyana",1933,40.22,3560
"guy","Guyana",1934,40.89,3610
"guy","Guyana",1935,41.56,3670
"guy","Guyana",1936,42.22,3730
"guy","Guyana",1937,42.89,3790
"guy","Guyana",1938,43.56,3850
"guy","Guyana",1939,44.22,3910
"guy","Guyana",1940,44.88,3970
"guy","Guyana",1941,45.58,4060
"guy","Guyana",1942,46.28,4140
"guy","Guyana",1943,46.98,4230
"guy","Guyana",1944,47.67,4320
"guy","Guyana",1945,48.36,4410
"guy","Guyana",1946,49.06,4510
"guy","Guyana",1947,49.75,4600
"guy","Guyana",1948,50.44,4700
"guy","Guyana",1949,51.12,4800
"guy","Guyana",1950,51.81,4900
"guy","Guyana",1951,52.56,4800
"guy","Guyana",1952,52.99,4690
"guy","Guyana",1953,53.44,4590
"guy","Guyana",1954,54.19,4490
"guy","Guyana",1955,55.05,4400
"guy","Guyana",1956,56.01,4300
"guy","Guyana",1957,56.66,4210
"guy","Guyana",1958,57.54,4120
"guy","Guyana",1959,58.09,4030
"guy","Guyana",1960,58.85,3950
"guy","Guyana",1961,59.41,4040
"guy","Guyana",1962,59.46,4010
"guy","Guyana",1963,59.74,3450
"guy","Guyana",1964,60.01,3780
"guy","Guyana",1965,60.28,4110
"guy","Guyana",1966,60.52,4250
"guy","Guyana",1967,60.78,4370
"guy","Guyana",1968,61.08,4360
"guy","Guyana",1969,61.29,4610
"guy","Guyana",1970,61.68,4770
"guy","Guyana",1971,61.54,4890
"guy","Guyana",1972,61.42,4740
"guy","Guyana",1973,61.22,4800
"guy","Guyana",1974,61,5150
"guy","Guyana",1975,61.22,5620
"guy","Guyana",1976,61.68,5720
"guy","Guyana",1977,61.67,5550
"guy","Guyana",1978,59.57,5430
"guy","Guyana",1979,61.99,5320
"guy","Guyana",1980,62.36,5420
"guy","Guyana",1981,62.46,5490
"guy","Guyana",1982,62.73,4940
"guy","Guyana",1983,62.72,4500
"guy","Guyana",1984,62.13,4510
"guy","Guyana",1985,62.61,4620
"guy","Guyana",1986,62.65,4660
"guy","Guyana",1987,62.79,4740
"guy","Guyana",1988,63.15,4560
"guy","Guyana",1989,62.18,4400
"guy","Guyana",1990,62.37,4320
"guy","Guyana",1991,62.95,4620
"guy","Guyana",1992,63.55,5000
"guy","Guyana",1993,63.18,5410
"guy","Guyana",1994,63.41,5880
"guy","Guyana",1995,63.1,6200
"guy","Guyana",1996,62.98,6720
"guy","Guyana",1997,63.34,7160
"guy","Guyana",1998,63.5,7080
"guy","Guyana",1999,64.11,7320
"guy","Guyana",2000,63.96,7260
"guy","Guyana",2001,63.94,7460
"guy","Guyana",2002,63.85,7580
"guy","Guyana",2003,64.08,7570
"guy","Guyana",2004,64.25,7730
"guy","Guyana",2005,64.39,7620
"guy","Guyana",2006,65.01,8070
"guy","Guyana",2007,65.24,8720
"guy","Guyana",2008,65.3,8940
"guy","Guyana",2009,65.87,9350
"guy","Guyana",2010,65.75,9840
"guy","Guyana",2011,65.74,10400
"guy","Guyana",2012,65.69,11000
"guy","Guyana",2013,65.99,11300
"guy","Guyana",2014,66.02,11400
"guy","Guyana",2015,66.41,11500
"guy","Guyana",2016,66.67,11800
"guy","Guyana",2017,66.88,12200
"guy","Guyana",2018,67.09,12400
"guy","Guyana",2019,67.31,12800
"guy","Guyana",2020,66.69,18400
"guy","Guyana",2021,63.95,21900
"guy","Guyana",2022,64.25,35700
"guy","Guyana",2023,67.97,47100
"guy","Guyana",2024,68.11,57000
"guy","Guyana",2025,68.26,72800
"guy","Guyana",2026,68.4,91100
"guy","Guyana",2027,68.55,93900
"guy","Guyana",2028,68.69,96700
"guy","Guyana",2029,68.83,99600
"guy","Guyana",2030,68.97,96400
"guy","Guyana",2031,69.11,96500
"guy","Guyana",2032,69.24,96700
"guy","Guyana",2033,69.38,96800
"guy","Guyana",2034,69.53,96900
"guy","Guyana",2035,69.66,97100
"guy","Guyana",2036,69.8,97200
"guy","Guyana",2037,69.94,97300
"guy","Guyana",2038,70.07,97400
"guy","Guyana",2039,70.21,97600
"guy","Guyana",2040,70.35,97700
"guy","Guyana",2041,70.48,97800
"guy","Guyana",2042,70.61,97900
"guy","Guyana",2043,70.74,98000
"guy","Guyana",2044,70.88,98100
"guy","Guyana",2045,71.01,98300
"guy","Guyana",2046,71.14,98400
"guy","Guyana",2047,71.28,98500
"guy","Guyana",2048,71.42,98600
"guy","Guyana",2049,71.55,98700
"guy","Guyana",2050,71.69,98800
"guy","Guyana",2051,71.83,98800
"guy","Guyana",2052,71.96,98900
"guy","Guyana",2053,72.09,99000
"guy","Guyana",2054,72.24,99100
"guy","Guyana",2055,72.37,99200
"guy","Guyana",2056,72.5,99300
"guy","Guyana",2057,72.64,99400
"guy","Guyana",2058,72.77,99500
"guy","Guyana",2059,72.9,99500
"guy","Guyana",2060,73.04,99600
"guy","Guyana",2061,73.18,99700
"guy","Guyana",2062,73.31,99800
"guy","Guyana",2063,73.46,99800
"guy","Guyana",2064,73.6,99900
"guy","Guyana",2065,73.73,1e+05
"guy","Guyana",2066,73.87,1e+05
"guy","Guyana",2067,74.01,1e+05
"guy","Guyana",2068,74.16,1e+05
"guy","Guyana",2069,74.29,1e+05
"guy","Guyana",2070,74.43,1e+05
"guy","Guyana",2071,74.57,1e+05
"guy","Guyana",2072,74.7,1e+05
"guy","Guyana",2073,74.85,1e+05
"guy","Guyana",2074,74.99,101000
"guy","Guyana",2075,75.13,101000
"guy","Guyana",2076,75.28,101000
"guy","Guyana",2077,75.42,101000
"guy","Guyana",2078,75.57,101000
"guy","Guyana",2079,75.7,101000
"guy","Guyana",2080,75.84,101000
"guy","Guyana",2081,76,101000
"guy","Guyana",2082,76.15,101000
"guy","Guyana",2083,76.29,101000
"guy","Guyana",2084,76.45,101000
"guy","Guyana",2085,76.59,101000
"guy","Guyana",2086,76.74,101000
"guy","Guyana",2087,76.89,101000
"guy","Guyana",2088,77.03,101000
"guy","Guyana",2089,77.19,101000
"guy","Guyana",2090,77.33,101000
"guy","Guyana",2091,77.48,101000
"guy","Guyana",2092,77.64,101000
"guy","Guyana",2093,77.78,101000
"guy","Guyana",2094,77.93,101000
"guy","Guyana",2095,78.08,101000
"guy","Guyana",2096,78.23,102000
"guy","Guyana",2097,78.37,102000
"guy","Guyana",2098,78.52,102000
"guy","Guyana",2099,78.68,102000
"guy","Guyana",2100,78.82,102000
"per","Peru",1800,35.7,1210
"per","Peru",1801,35.7,1150
"per","Peru",1802,35.7,1150
"per","Peru",1803,35.7,1130
"per","Peru",1804,35.7,1120
"per","Peru",1805,35.7,1150
"per","Peru",1806,35.7,1190
"per","Peru",1807,35.7,1200
"per","Peru",1808,35.7,1180
"per","Peru",1809,35.7,1170
"per","Peru",1810,35.7,1180
"per","Peru",1811,35.7,1100
"per","Peru",1812,35.7,1110
"per","Peru",1813,35.7,1070
"per","Peru",1814,35.7,1050
"per","Peru",1815,35.7,1020
"per","Peru",1816,35.7,1040
"per","Peru",1817,35.7,1010
"per","Peru",1818,35.7,1020
"per","Peru",1819,35.7,992
"per","Peru",1820,35.7,956
"per","Peru",1821,35.7,786
"per","Peru",1822,35.7,750
"per","Peru",1823,35.7,777
"per","Peru",1824,35.7,749
"per","Peru",1825,35.7,768
"per","Peru",1826,35.7,731
"per","Peru",1827,35.7,780
"per","Peru",1828,35.7,771
"per","Peru",1829,35.7,755
"per","Peru",1830,35.7,766
"per","Peru",1831,35.7,770
"per","Peru",1832,35.7,750
"per","Peru",1833,35.7,783
"per","Peru",1834,35.7,805
"per","Peru",1835,35.7,832
"per","Peru",1836,35.7,876
"per","Peru",1837,35.7,921
"per","Peru",1838,35.7,928
"per","Peru",1839,35.7,910
"per","Peru",1840,35.7,949
"per","Peru",1841,35.7,1020
"per","Peru",1842,35.7,1000
"per","Peru",1843,35.7,965
"per","Peru",1844,35.7,943
"per","Peru",1845,35.7,1010
"per","Peru",1846,35.7,976
"per","Peru",1847,35.7,1070
"per","Peru",1848,35.7,1120
"per","Peru",1849,35.7,1140
"per","Peru",1850,35.7,1080
"per","Peru",1851,35.65,1240
"per","Peru",1852,35.61,1160
"per","Peru",1853,35.56,1330
"per","Peru",1854,35.52,1400
"per","Peru",1855,35.47,1490
"per","Peru",1856,35.42,1420
"per","Peru",1857,35.38,1650
"per","Peru",1858,35.33,1530
"per","Peru",1859,35.28,1500
"per","Peru",1860,35.24,1500
"per","Peru",1861,35.19,1410
"per","Peru",1862,35.15,1400
"per","Peru",1863,35.1,1530
"per","Peru",1864,35.05,1460
"per","Peru",1865,35.01,1450
"per","Peru",1866,34.96,1510
"per","Peru",1867,34.92,1510
"per","Peru",1868,34.87,1500
"per","Peru",1869,34.82,1680
"per","Peru",1870,34.78,1920
"per","Peru",1871,34.73,2000
"per","Peru",1872,34.69,2030
"per","Peru",1873,34.64,2010
"per","Peru",1874,34.59,2030
"per","Peru",1875,34.55,1860
"per","Peru",1876,34.5,2050
"per","Peru",1877,34.45,1870
"per","Peru",1878,34.41,1620
"per","Peru",1879,34.36,1370
"per","Peru",1880,34.32,983
"per","Peru",1881,34.27,897
"per","Peru",1882,34.22,950
"per","Peru",1883,34.18,870
"per","Peru",1884,34.13,1040
"per","Peru",1885,34.09,978
"per","Peru",1886,34.04,1020
"per","Peru",1887,33.99,945
"per","Peru",1888,33.95,1050
"per","Peru",1889,33.9,1030
"per","Peru",1890,33.86,968
"per","Peru",1891,33.81,1030
"per","Peru",1892,33.76,1060
"per","Peru",1893,33.72,989
"per","Peru",1894,33.67,907
"per","Peru",1895,33.62,959
"per","Peru",1896,33.58,1050
"per","Peru",1897,33.53,1130
"per","Peru",1898,33.49,1180
"per","Peru",1899,33.44,1230
"per","Peru",1900,33.39,1240
"per","Peru",1901,33.35,1320
"per","Peru",1902,33.3,1380
"per","Peru",1903,33.26,1460
"per","Peru",1904,33.21,1490
"per","Peru",1905,33.16,1580
"per","Peru",1906,33.12,1680
"per","Peru",1907,33.07,1760
"per","Peru",1908,33.03,1770
"per","Peru",1909,32.98,1780
"per","Peru",1910,32.93,1790
"per","Peru",1911,32.89,1800
"per","Peru",1912,32.84,1850
"per","Peru",1913,32.79,1880
"per","Peru",1914,32.75,1850
"per","Peru",1915,32.7,1980
"per","Peru",1916,32.66,2160
"per","Peru",1917,32.61,2210
"per","Peru",1918,28.79,2200
"per","Peru",1919,32.52,2240
"per","Peru",1920,32.47,2240
"per","Peru",1921,32.43,2290
"per","Peru",1922,32.38,2450
"per","Peru",1923,32.33,2580
"per","Peru",1924,32.29,2780
"per","Peru",1925,32.24,2810
"per","Peru",1926,32.2,3050
"per","Peru",1927,32.15,3050
"per","Peru",1928,32.1,3200
"per","Peru",1929,32.06,3480
"per","Peru",1930,32.01,3030
"per","Peru",1931,31.96,2740
"per","Peru",1932,31.92,2600
"per","Peru",1933,31.87,2840
"per","Peru",1934,31.83,3180
"per","Peru",1935,31.78,3420
"per","Peru",1936,31.73,3520
"per","Peru",1937,31.69,3510
"per","Peru",1938,31.64,3510
"per","Peru",1939,31.6,3480
"per","Peru",1940,31.55,3490
"per","Peru",1941,32.21,3430
"per","Peru",1942,32.88,3290
"per","Peru",1943,33.53,3280
"per","Peru",1944,34.19,3500
"per","Peru",1945,34.85,3570
"per","Peru",1946,35.5,3640
"per","Peru",1947,36.15,3670
"per","Peru",1948,36.81,3730
"per","Peru",1949,37.45,3940
"per","Peru",1950,38.09,4170
"per","Peru",1951,38.5,4380
"per","Peru",1952,40.34,4490
"per","Peru",1953,41.35,4650
"per","Peru",1954,42.83,4680
"per","Peru",1955,43.67,4870
"per","Peru",1956,44.63,4950
"per","Peru",1957,44.7,5070
"per","Peru",1958,46.04,4940
"per","Peru",1959,46.75,4870
"per","Peru",1960,47.26,5360
"per","Peru",1961,48.96,5650
"per","Peru",1962,50.15,5910
"per","Peru",1963,51.67,5990
"per","Peru",1964,53.82,6210
"per","Peru",1965,54.12,6400
"per","Peru",1966,54.96,6740
"per","Peru",1967,55.8,6800
"per","Peru",1968,56.42,6570
"per","Peru",1969,57.42,6580
"per","Peru",1970,48.63,6840
"per","Peru",1971,59.68,6950
"per","Peru",1972,60.85,6980
"per","Peru",1973,61.24,7170
"per","Peru",1974,62.12,7480
"per","Peru",1975,63.4,7720
"per","Peru",1976,64.04,7620
"per","Peru",1977,64.75,7430
"per","Peru",1978,65.35,7130
"per","Peru",1979,65.82,7280
"per","Peru",1980,65.1,7480
"per","Peru",1981,64.62,7650
"per","Peru",1982,66.04,7450
"per","Peru",1983,65.73,6480
"per","Peru",1984,65.91,6590
"per","Peru",1985,65.94,6570
"per","Peru",1986,66.99,7150
"per","Peru",1987,68.55,7560
"per","Peru",1988,68.87,6720
"per","Peru",1989,69.23,5720
"per","Peru",1990,69.24,5310
"per","Peru",1991,69.24,5320
"per","Peru",1992,70.05,5180
"per","Peru",1993,70.6,5350
"per","Peru",1994,71.21,5880
"per","Peru",1995,71.49,6200
"per","Peru",1996,72.52,6260
"per","Peru",1997,72.95,6540
"per","Peru",1998,73.36,6400
"per","Peru",1999,74.37,6390
"per","Peru",2000,74.61,6460
"per","Peru",2001,75.45,6400
"per","Peru",2002,75.89,6670
"per","Peru",2003,76.04,6870
"per","Peru",2004,76.72,7130
"per","Peru",2005,77.16,7500
"per","Peru",2006,77.72,7990
"per","Peru",2007,78.33,8590
"per","Peru",2008,78.5,9300
"per","Peru",2009,77.41,9320
"per","Peru",2010,77.32,10000
"per","Peru",2011,77.69,10600
"per","Peru",2012,78,11100
"per","Peru",2013,78.37,11600
"per","Peru",2014,78.89,11800
"per","Peru",2015,79.4,12000
"per","Peru",2016,79.61,12300
"per","Peru",2017,79.82,12500
"per","Peru",2018,80.04,12700
"per","Peru",2019,80.25,12800
"per","Peru",2020,77.62,11200
"per","Peru",2021,76.27,12500
"per","Peru",2022,77.33,12700
"per","Peru",2023,81.09,12600
"per","Peru",2024,81.29,12800
"per","Peru",2025,81.49,13000
"per","Peru",2026,81.69,13100
"per","Peru",2027,81.88,13300
"per","Peru",2028,82.08,13600
"per","Peru",2029,82.27,13900
"per","Peru",2030,82.46,13700
"per","Peru",2031,82.65,14000
"per","Peru",2032,82.83,14300
"per","Peru",2033,83.02,14700
"per","Peru",2034,83.2,15000
"per","Peru",2035,83.39,15400
"per","Peru",2036,83.57,15700
"per","Peru",2037,83.75,16100
"per","Peru",2038,83.93,16500
"per","Peru",2039,84.11,16900
"per","Peru",2040,84.29,17200
"per","Peru",2041,84.46,17600
"per","Peru",2042,84.63,18000
"per","Peru",2043,84.81,18500
"per","Peru",2044,84.99,18900
"per","Peru",2045,85.17,19300
"per","Peru",2046,85.34,19700
"per","Peru",2047,85.51,20200
"per","Peru",2048,85.68,20600
"per","Peru",2049,85.86,21100
"per","Peru",2050,86.03,21500
"per","Peru",2051,86.19,22000
"per","Peru",2052,86.37,22500
"per","Peru",2053,86.53,22900
"per","Peru",2054,86.7,23400
"per","Peru",2055,86.87,23900
"per","Peru",2056,87.03,24400
"per","Peru",2057,87.19,24900
"per","Peru",2058,87.35,25400
"per","Peru",2059,87.51,25900
"per","Peru",2060,87.67,26500
"per","Peru",2061,87.82,27000
"per","Peru",2062,87.97,27500
"per","Peru",2063,88.12,28100
"per","Peru",2064,88.27,28600
"per","Peru",2065,88.41,29200
"per","Peru",2066,88.55,29700
"per","Peru",2067,88.7,30300
"per","Peru",2068,88.83,30800
"per","Peru",2069,88.97,31400
"per","Peru",2070,89.11,32000
"per","Peru",2071,89.24,32600
"per","Peru",2072,89.38,33100
"per","Peru",2073,89.51,33700
"per","Peru",2074,89.63,34300
"per","Peru",2075,89.76,34900
"per","Peru",2076,89.89,35500
"per","Peru",2077,90.02,36100
"per","Peru",2078,90.15,36700
"per","Peru",2079,90.28,37300
"per","Peru",2080,90.4,37900
"per","Peru",2081,90.51,38500
"per","Peru",2082,90.64,39100
"per","Peru",2083,90.75,39800
"per","Peru",2084,90.89,40400
"per","Peru",2085,91.01,41000
"per","Peru",2086,91.12,41600
"per","Peru",2087,91.24,42200
"per","Peru",2088,91.36,42800
"per","Peru",2089,91.48,43500
"per","Peru",2090,91.59,44100
"per","Peru",2091,91.71,44700
"per","Peru",2092,91.84,45300
"per","Peru",2093,91.95,45900
"per","Peru",2094,92.06,46600
"per","Peru",2095,92.17,47200
"per","Peru",2096,92.28,47800
"per","Peru",2097,92.4,48400
"per","Peru",2098,92.51,49000
"per","Peru",2099,92.63,49600
"per","Peru",2100,92.74,50300
"ury","Uruguay",1800,32.9,2100
"ury","Uruguay",1801,32.9,2110
"ury","Uruguay",1802,32.9,2120
"ury","Uruguay",1803,32.9,2130
"ury","Uruguay",1804,32.9,2140
"ury","Uruguay",1805,32.9,2140
"ury","Uruguay",1806,32.9,2150
"ury","Uruguay",1807,32.9,2160
"ury","Uruguay",1808,32.9,2170
"ury","Uruguay",1809,32.9,2180
"ury","Uruguay",1810,32.9,2190
"ury","Uruguay",1811,32.9,2190
"ury","Uruguay",1812,32.9,2200
"ury","Uruguay",1813,32.9,2210
"ury","Uruguay",1814,32.9,2220
"ury","Uruguay",1815,32.9,2230
"ury","Uruguay",1816,32.9,2240
"ury","Uruguay",1817,32.9,2240
"ury","Uruguay",1818,32.9,2250
"ury","Uruguay",1819,32.9,2260
"ury","Uruguay",1820,32.9,2270
"ury","Uruguay",1821,32.9,2290
"ury","Uruguay",1822,32.9,2300
"ury","Uruguay",1823,32.9,2320
"ury","Uruguay",1824,32.9,2340
"ury","Uruguay",1825,32.9,2350
"ury","Uruguay",1826,32.9,2370
"ury","Uruguay",1827,32.9,2390
"ury","Uruguay",1828,32.9,2410
"ury","Uruguay",1829,32.9,2420
"ury","Uruguay",1830,32.9,2440
"ury","Uruguay",1831,32.9,2460
"ury","Uruguay",1832,32.9,2480
"ury","Uruguay",1833,32.9,2500
"ury","Uruguay",1834,32.9,2510
"ury","Uruguay",1835,32.9,2530
"ury","Uruguay",1836,32.9,2550
"ury","Uruguay",1837,32.9,2570
"ury","Uruguay",1838,32.9,2590
"ury","Uruguay",1839,32.9,2610
"ury","Uruguay",1840,32.9,2630
"ury","Uruguay",1841,32.9,2640
"ury","Uruguay",1842,32.9,2660
"ury","Uruguay",1843,32.9,2680
"ury","Uruguay",1844,32.9,2700
"ury","Uruguay",1845,32.9,2720
"ury","Uruguay",1846,32.9,2740
"ury","Uruguay",1847,32.9,2760
"ury","Uruguay",1848,32.9,2780
"ury","Uruguay",1849,32.9,2800
"ury","Uruguay",1850,32.9,2820
"ury","Uruguay",1851,32.9,2880
"ury","Uruguay",1852,32.89,2940
"ury","Uruguay",1853,32.89,2990
"ury","Uruguay",1854,32.88,3050
"ury","Uruguay",1855,32.88,3110
"ury","Uruguay",1856,32.88,3180
"ury","Uruguay",1857,32.87,3240
"ury","Uruguay",1858,32.87,3300
"ury","Uruguay",1859,32.87,3370
"ury","Uruguay",1860,32.86,3430
"ury","Uruguay",1861,32.86,3500
"ury","Uruguay",1862,32.85,3580
"ury","Uruguay",1863,32.85,3650
"ury","Uruguay",1864,32.85,3730
"ury","Uruguay",1865,32.84,3800
"ury","Uruguay",1866,32.84,3880
"ury","Uruguay",1867,32.83,3960
"ury","Uruguay",1868,32.83,4040
"ury","Uruguay",1869,32.83,4120
"ury","Uruguay",1870,32.82,4210
"ury","Uruguay",1871,32.82,4210
"ury","Uruguay",1872,32.82,4930
"ury","Uruguay",1873,32.81,5040
"ury","Uruguay",1874,32.81,4480
"ury","Uruguay",1875,32.8,3710
"ury","Uruguay",1876,32.8,4040
"ury","Uruguay",1877,32.8,3930
"ury","Uruguay",1878,32.79,4210
"ury","Uruguay",1879,32.79,3600
"ury","Uruguay",1880,32.78,3930
"ury","Uruguay",1881,32.78,3540
"ury","Uruguay",1882,32.78,3880
"ury","Uruguay",1883,32.77,4540
"ury","Uruguay",1884,32.77,4430
"ury","Uruguay",1885,32.77,4980
"ury","Uruguay",1886,32.76,5150
"ury","Uruguay",1887,32.76,4210
"ury","Uruguay",1888,32.75,5260
"ury","Uruguay",1889,32.75,4710
"ury","Uruguay",1890,32.75,4150
"ury","Uruguay",1891,32.74,4210
"ury","Uruguay",1892,32.74,4210
"ury","Uruguay",1893,32.73,4430
"ury","Uruguay",1894,32.73,4760
"ury","Uruguay",1895,32.73,4650
"ury","Uruguay",1896,32.72,4710
"ury","Uruguay",1897,32.72,4540
"ury","Uruguay",1898,32.72,3930
"ury","Uruguay",1899,32.71,4040
"ury","Uruguay",1900,32.71,3880
"ury","Uruguay",1901,32.7,4040
"ury","Uruguay",1902,32.7,4600
"ury","Uruguay",1903,32.7,4600
"ury","Uruguay",1904,32.69,4600
"ury","Uruguay",1905,32.69,3880
"ury","Uruguay",1906,32.68,4370
"ury","Uruguay",1907,32.68,4650
"ury","Uruguay",1908,32.68,4980
"ury","Uruguay",1909,32.67,4980
"ury","Uruguay",1910,32.67,5150
"ury","Uruguay",1911,32.67,5150
"ury","Uruguay",1912,32.66,5920
"ury","Uruguay",1913,32.66,5540
"ury","Uruguay",1914,32.65,4320
"ury","Uruguay",1915,32.65,4040
"ury","Uruguay",1916,32.65,3930
"ury","Uruguay",1917,32.64,4480
"ury","Uruguay",1918,30.36,4480
"ury","Uruguay",1919,32.63,5260
"ury","Uruguay",1920,32.63,4100
"ury","Uruguay",1921,32.63,4040
"ury","Uruguay",1922,32.62,4430
"ury","Uruguay",1923,32.62,4710
"ury","Uruguay",1924,32.61,4870
"ury","Uruguay",1925,32.61,4820
"ury","Uruguay",1926,33.92,5210
"ury","Uruguay",1927,35.21,5810
"ury","Uruguay",1928,36.51,5920
"ury","Uruguay",1929,37.81,5870
"ury","Uruguay",1930,39.11,6810
"ury","Uruguay",1931,40.41,5540
"ury","Uruguay",1932,41.71,5090
"ury","Uruguay",1933,43.01,4710
"ury","Uruguay",1934,44.31,5370
"ury","Uruguay",1935,45.6,5480
"ury","Uruguay",1936,46.9,5480
"ury","Uruguay",1937,48.19,5650
"ury","Uruguay",1938,49.49,6040
"ury","Uruguay",1939,50.8,6090
"ury","Uruguay",1940,52.09,5700
"ury","Uruguay",1941,53.4,5980
"ury","Uruguay",1942,54.69,5540
"ury","Uruguay",1943,56,5370
"ury","Uruguay",1944,57.3,6090
"ury","Uruguay",1945,58.6,6200
"ury","Uruguay",1946,59.91,6750
"ury","Uruguay",1947,61.22,6580
"ury","Uruguay",1948,62.51,6690
"ury","Uruguay",1949,63.82,7470
"ury","Uruguay",1950,65.12,8020
"ury","Uruguay",1951,65.93,8710
"ury","Uruguay",1952,66.59,8450
"ury","Uruguay",1953,67.23,9140
"ury","Uruguay",1954,67.4,9500
"ury","Uruguay",1955,67.46,9420
"ury","Uruguay",1956,68.17,9440
"ury","Uruguay",1957,67.83,9430
"ury","Uruguay",1958,68.1,8930
"ury","Uruguay",1959,67.51,8560
"ury","Uruguay",1960,68.32,8800
"ury","Uruguay",1961,68.97,8890
"ury","Uruguay",1962,68.97,8650
"ury","Uruguay",1963,68.83,8540
"ury","Uruguay",1964,68.66,8610
"ury","Uruguay",1965,68.44,8550
"ury","Uruguay",1966,68.74,8780
"ury","Uruguay",1967,68.03,8390
"ury","Uruguay",1968,67.76,8420
"ury","Uruguay",1969,67.92,8890
"ury","Uruguay",1970,68.47,9190
"ury","Uruguay",1971,68.45,9120
"ury","Uruguay",1972,68.29,8880
"ury","Uruguay",1973,68.7,9040
"ury","Uruguay",1974,68.88,9350
"ury","Uruguay",1975,69.31,9830
"ury","Uruguay",1976,69.39,10200
"ury","Uruguay",1977,69.47,10300
"ury","Uruguay",1978,70.06,10800
"ury","Uruguay",1979,70.5,11400
"ury","Uruguay",1980,70.6,12000
"ury","Uruguay",1981,71.33,12100
"ury","Uruguay",1982,71.97,10900
"ury","Uruguay",1983,72.02,10200
"ury","Uruguay",1984,71.83,10000
"ury","Uruguay",1985,72.27,10000
"ury","Uruguay",1986,72.4,10700
"ury","Uruguay",1987,72.55,11400
"ury","Uruguay",1988,72.66,11300
"ury","Uruguay",1989,73,11400
"ury","Uruguay",1990,73.17,11400
"ury","Uruguay",1991,73.41,11700
"ury","Uruguay",1992,73.48,12500
"ury","Uruguay",1993,73.34,12800
"ury","Uruguay",1994,73.62,13600
"ury","Uruguay",1995,73.68,13300
"ury","Uruguay",1996,73.93,14000
"ury","Uruguay",1997,74.13,15000
"ury","Uruguay",1998,74.14,15600
"ury","Uruguay",1999,74.36,15200
"ury","Uruguay",2000,74.77,14900
"ury","Uruguay",2001,75.01,14300
"ury","Uruguay",2002,75,13100
"ury","Uruguay",2003,74.97,13200
"ury","Uruguay",2004,75.23,13900
"ury","Uruguay",2005,75.54,14900
"ury","Uruguay",2006,75.92,15500
"ury","Uruguay",2007,75.69,16400
"ury","Uruguay",2008,76.19,17600
"ury","Uruguay",2009,76.51,18300
"ury","Uruguay",2010,76.53,19700
"ury","Uruguay",2011,76.42,20600
"ury","Uruguay",2012,76.55,21300
"ury","Uruguay",2013,76.78,22200
"ury","Uruguay",2014,77.08,22900
"ury","Uruguay",2015,77.14,22900
"ury","Uruguay",2016,77.29,23200
"ury","Uruguay",2017,77.34,23600
"ury","Uruguay",2018,77.45,23600
"ury","Uruguay",2019,77.53,23800
"ury","Uruguay",2020,78.45,22000
"ury","Uruguay",2021,75.45,23300
"ury","Uruguay",2022,78.02,24400
"ury","Uruguay",2023,78.18,24500
"ury","Uruguay",2024,78.34,25300
"ury","Uruguay",2025,78.5,25900
"ury","Uruguay",2026,78.66,26500
"ury","Uruguay",2027,78.82,27100
"ury","Uruguay",2028,78.98,27600
"ury","Uruguay",2029,79.14,28100
"ury","Uruguay",2030,79.3,27100
"ury","Uruguay",2031,79.47,27600
"ury","Uruguay",2032,79.63,28200
"ury","Uruguay",2033,79.8,28700
"ury","Uruguay",2034,79.95,29300
"ury","Uruguay",2035,80.11,29800
"ury","Uruguay",2036,80.28,30400
"ury","Uruguay",2037,80.44,31000
"ury","Uruguay",2038,80.6,31500
"ury","Uruguay",2039,80.76,32100
"ury","Uruguay",2040,80.91,32700
"ury","Uruguay",2041,81.07,33300
"ury","Uruguay",2042,81.23,33900
"ury","Uruguay",2043,81.38,34500
"ury","Uruguay",2044,81.54,35000
"ury","Uruguay",2045,81.68,35600
"ury","Uruguay",2046,81.84,36200
"ury","Uruguay",2047,81.99,36900
"ury","Uruguay",2048,82.13,37500
"ury","Uruguay",2049,82.28,38100
"ury","Uruguay",2050,82.42,38700
"ury","Uruguay",2051,82.55,39300
"ury","Uruguay",2052,82.69,39900
"ury","Uruguay",2053,82.83,40500
"ury","Uruguay",2054,82.96,41200
"ury","Uruguay",2055,83.1,41800
"ury","Uruguay",2056,83.23,42400
"ury","Uruguay",2057,83.37,43000
"ury","Uruguay",2058,83.5,43600
"ury","Uruguay",2059,83.63,44300
"ury","Uruguay",2060,83.75,44900
"ury","Uruguay",2061,83.88,45500
"ury","Uruguay",2062,84,46100
"ury","Uruguay",2063,84.12,46800
"ury","Uruguay",2064,84.24,47400
"ury","Uruguay",2065,84.37,48000
"ury","Uruguay",2066,84.49,48600
"ury","Uruguay",2067,84.62,49200
"ury","Uruguay",2068,84.73,49900
"ury","Uruguay",2069,84.86,50500
"ury","Uruguay",2070,84.98,51100
"ury","Uruguay",2071,85.1,51700
"ury","Uruguay",2072,85.21,52300
"ury","Uruguay",2073,85.33,52900
"ury","Uruguay",2074,85.45,53500
"ury","Uruguay",2075,85.57,54100
"ury","Uruguay",2076,85.68,54700
"ury","Uruguay",2077,85.79,55300
"ury","Uruguay",2078,85.91,55900
"ury","Uruguay",2079,86.03,56500
"ury","Uruguay",2080,86.15,57100
"ury","Uruguay",2081,86.26,57600
"ury","Uruguay",2082,86.38,58200
"ury","Uruguay",2083,86.5,58800
"ury","Uruguay",2084,86.61,59300
"ury","Uruguay",2085,86.73,59900
"ury","Uruguay",2086,86.85,60500
"ury","Uruguay",2087,86.97,61000
"ury","Uruguay",2088,87.08,61600
"ury","Uruguay",2089,87.19,62100
"ury","Uruguay",2090,87.31,62600
"ury","Uruguay",2091,87.42,63200
"ury","Uruguay",2092,87.54,63700
"ury","Uruguay",2093,87.65,64200
"ury","Uruguay",2094,87.78,64700
"ury","Uruguay",2095,87.89,65300
"ury","Uruguay",2096,88.01,65800
"ury","Uruguay",2097,88.12,66300
"ury","Uruguay",2098,88.24,66800
"ury","Uruguay",2099,88.35,67200
"ury","Uruguay",2100,88.46,67700
"ven","Venezuela",1800,32.2,1230
"ven","Venezuela",1801,32.2,1220
"ven","Venezuela",1802,32.2,1220
"ven","Venezuela",1803,32.2,1210
"ven","Venezuela",1804,32.2,1200
"ven","Venezuela",1805,32.2,1200
"ven","Venezuela",1806,32.2,1190
"ven","Venezuela",1807,32.2,1180
"ven","Venezuela",1808,32.2,1180
"ven","Venezuela",1809,32.2,1170
"ven","Venezuela",1810,32.2,1170
"ven","Venezuela",1811,32.2,1160
"ven","Venezuela",1812,32.2,1150
"ven","Venezuela",1813,32.2,1150
"ven","Venezuela",1814,32.2,1140
"ven","Venezuela",1815,32.2,1140
"ven","Venezuela",1816,32.2,1130
"ven","Venezuela",1817,32.2,1130
"ven","Venezuela",1818,32.2,1120
"ven","Venezuela",1819,32.2,1110
"ven","Venezuela",1820,32.2,1110
"ven","Venezuela",1821,32.2,1190
"ven","Venezuela",1822,32.2,1270
"ven","Venezuela",1823,32.2,1360
"ven","Venezuela",1824,32.2,1460
"ven","Venezuela",1825,32.2,1560
"ven","Venezuela",1826,32.2,1670
"ven","Venezuela",1827,32.2,1790
"ven","Venezuela",1828,32.2,1920
"ven","Venezuela",1829,32.2,2050
"ven","Venezuela",1830,32.2,2200
"ven","Venezuela",1831,32.2,2170
"ven","Venezuela",1832,32.2,2450
"ven","Venezuela",1833,32.2,2490
"ven","Venezuela",1834,32.2,2510
"ven","Venezuela",1835,32.2,2460
"ven","Venezuela",1836,32.2,2290
"ven","Venezuela",1837,32.2,2160
"ven","Venezuela",1838,32.2,1940
"ven","Venezuela",1839,32.2,1800
"ven","Venezuela",1840,32.2,1740
"ven","Venezuela",1841,32.2,1940
"ven","Venezuela",1842,32.2,2160
"ven","Venezuela",1843,32.2,2000
"ven","Venezuela",1844,32.2,2000
"ven","Venezuela",1845,32.2,2020
"ven","Venezuela",1846,32.2,2050
"ven","Venezuela",1847,32.2,1960
"ven","Venezuela",1848,32.2,1960
"ven","Venezuela",1849,32.2,1800
"ven","Venezuela",1850,32.2,2160
"ven","Venezuela",1851,32.23,2070
"ven","Venezuela",1852,32.25,2160
"ven","Venezuela",1853,32.28,2290
"ven","Venezuela",1854,32.3,2330
"ven","Venezuela",1855,32.33,2420
"ven","Venezuela",1856,32.36,1870
"ven","Venezuela",1857,32.38,2160
"ven","Venezuela",1858,32.41,2110
"ven","Venezuela",1859,32.43,2130
"ven","Venezuela",1860,32.46,2270
"ven","Venezuela",1861,32.48,2440
"ven","Venezuela",1862,32.51,2160
"ven","Venezuela",1863,32.54,1980
"ven","Venezuela",1864,32.56,1940
"ven","Venezuela",1865,32.59,2050
"ven","Venezuela",1866,32.61,2020
"ven","Venezuela",1867,32.64,1830
"ven","Venezuela",1868,32.67,1850
"ven","Venezuela",1869,32.69,2050
"ven","Venezuela",1870,32.72,2020
"ven","Venezuela",1871,32.74,1980
"ven","Venezuela",1872,32.77,2000
"ven","Venezuela",1873,32.8,2160
"ven","Venezuela",1874,32.82,2380
"ven","Venezuela",1875,32.85,2110
"ven","Venezuela",1876,32.87,2200
"ven","Venezuela",1877,32.9,2220
"ven","Venezuela",1878,32.93,2380
"ven","Venezuela",1879,32.95,2330
"ven","Venezuela",1880,32.98,2460
"ven","Venezuela",1881,33,2460
"ven","Venezuela",1882,33.03,2420
"ven","Venezuela",1883,33.05,2530
"ven","Venezuela",1884,33.08,2690
"ven","Venezuela",1885,33.11,2490
"ven","Venezuela",1886,33.13,2640
"ven","Venezuela",1887,33.16,2730
"ven","Venezuela",1888,33.18,2730
"ven","Venezuela",1889,33.21,2840
"ven","Venezuela",1890,33.24,3060
"ven","Venezuela",1891,33.26,2880
"ven","Venezuela",1892,33.29,2600
"ven","Venezuela",1893,33.31,2600
"ven","Venezuela",1894,33.34,2550
"ven","Venezuela",1895,33.37,2770
"ven","Venezuela",1896,33.39,2440
"ven","Venezuela",1897,33.42,2510
"ven","Venezuela",1898,33.44,2440
"ven","Venezuela",1899,33.47,2070
"ven","Venezuela",1900,33.5,2110
"ven","Venezuela",1901,33.52,2020
"ven","Venezuela",1902,33.55,1890
"ven","Venezuela",1903,33.57,2020
"ven","Venezuela",1904,33.6,2050
"ven","Venezuela",1905,33.62,2070
"ven","Venezuela",1906,33.65,2050
"ven","Venezuela",1907,33.68,1980
"ven","Venezuela",1908,33.7,1940
"ven","Venezuela",1909,33.73,1940
"ven","Venezuela",1910,33.75,1920
"ven","Venezuela",1911,33.78,1830
"ven","Venezuela",1912,33.81,1960
"ven","Venezuela",1913,33.83,2000
"ven","Venezuela",1914,33.86,2310
"ven","Venezuela",1915,33.88,2310
"ven","Venezuela",1916,33.91,2160
"ven","Venezuela",1917,33.94,2250
"ven","Venezuela",1918,30.73,2330
"ven","Venezuela",1919,33.99,2250
"ven","Venezuela",1920,34.01,2180
"ven","Venezuela",1921,34.04,2110
"ven","Venezuela",1922,34.07,2290
"ven","Venezuela",1923,34.09,2400
"ven","Venezuela",1924,34.12,2490
"ven","Venezuela",1925,34.14,2620
"ven","Venezuela",1926,34.17,2770
"ven","Venezuela",1927,34.38,2820
"ven","Venezuela",1928,34.58,3280
"ven","Venezuela",1929,34.79,3370
"ven","Venezuela",1930,35,3350
"ven","Venezuela",1931,35.2,3320
"ven","Venezuela",1932,35.41,3020
"ven","Venezuela",1933,35.62,3350
"ven","Venezuela",1934,35.83,3480
"ven","Venezuela",1935,36.04,4140
"ven","Venezuela",1936,36.25,4470
"ven","Venezuela",1937,37.56,4450
"ven","Venezuela",1938,38.87,4910
"ven","Venezuela",1939,40.18,5190
"ven","Venezuela",1940,41.5,5460
"ven","Venezuela",1941,42.85,5310
"ven","Venezuela",1942,44.6,4590
"ven","Venezuela",1943,46.35,5080
"ven","Venezuela",1944,48.11,5490
"ven","Venezuela",1945,49.87,6690
"ven","Venezuela",1946,51.63,7680
"ven","Venezuela",1947,53.4,7510
"ven","Venezuela",1948,55.16,8920
"ven","Venezuela",1949,56.92,9070
"ven","Venezuela",1950,58.7,9810
"ven","Venezuela",1951,58.97,10500
"ven","Venezuela",1952,59.55,10900
"ven","Venezuela",1953,61.31,11100
"ven","Venezuela",1954,61.03,11700
"ven","Venezuela",1955,61.16,12200
"ven","Venezuela",1956,61.58,13000
"ven","Venezuela",1957,61.44,13900
"ven","Venezuela",1958,62.49,13600
"ven","Venezuela",1959,63.86,14000
"ven","Venezuela",1960,65.17,13700
"ven","Venezuela",1961,65.76,13800
"ven","Venezuela",1962,66.07,14500
"ven","Venezuela",1963,65.69,14900
"ven","Venezuela",1964,65.48,15900
"ven","Venezuela",1965,66.03,16200
"ven","Venezuela",1966,66.27,15900
"ven","Venezuela",1967,66.48,16000
"ven","Venezuela",1968,66.46,16500
"ven","Venezuela",1969,66.05,16700
"ven","Venezuela",1970,66.51,17700
"ven","Venezuela",1971,66.57,17600
"ven","Venezuela",1972,66.37,17600
"ven","Venezuela",1973,66.29,18200
"ven","Venezuela",1974,67.31,18700
"ven","Venezuela",1975,67.6,19200
"ven","Venezuela",1976,67.79,20300
"ven","Venezuela",1977,68.73,21000
"ven","Venezuela",1978,69.42,20800
"ven","Venezuela",1979,69.74,20500
"ven","Venezuela",1980,69.66,19500
"ven","Venezuela",1981,69.7,18800
"ven","Venezuela",1982,70.34,18600
"ven","Venezuela",1983,71.1,16600
"ven","Venezuela",1984,71.31,16600
"ven","Venezuela",1985,71.56,16300
"ven","Venezuela",1986,72.2,17100
"ven","Venezuela",1987,72.09,17400
"ven","Venezuela",1988,72.49,18100
"ven","Venezuela",1989,72.42,15500
"ven","Venezuela",1990,72.44,16000
"ven","Venezuela",1991,72.9,17200
"ven","Venezuela",1992,72.88,17900
"ven","Venezuela",1993,72.77,17600
"ven","Venezuela",1994,72.26,16800
"ven","Venezuela",1995,72.61,17100
"ven","Venezuela",1996,73.31,16800
"ven","Venezuela",1997,74.07,17500
"ven","Venezuela",1998,73.97,17200
"ven","Venezuela",1999,70.26,15900
"ven","Venezuela",2000,74.17,16000
"ven","Venezuela",2001,74.07,16300
"ven","Venezuela",2002,73.99,14600
"ven","Venezuela",2003,73.51,13300
"ven","Venezuela",2004,74.64,15400
"ven","Venezuela",2005,75.01,16800
"ven","Venezuela",2006,74.82,18100
"ven","Venezuela",2007,74.64,19400
"ven","Venezuela",2008,74.4,20100
"ven","Venezuela",2009,74.56,19200
"ven","Venezuela",2010,75.3,18600
"ven","Venezuela",2011,75.4,19100
"ven","Venezuela",2012,75.23,19900
"ven","Venezuela",2013,75.55,19900
"ven","Venezuela",2014,75.58,18900
"ven","Venezuela",2015,75.67,17400
"ven","Venezuela",2016,75.62,14400
"ven","Venezuela",2017,75.52,12300
"ven","Venezuela",2018,75.44,10400
"ven","Venezuela",2019,75.05,7800
"ven","Venezuela",2020,73.94,5440
"ven","Venezuela",2021,73.38,5560
"ven","Venezuela",2022,73.95,6160
"ven","Venezuela",2023,75.81,6500
"ven","Venezuela",2024,75.99,6960
"ven","Venezuela",2025,76.18,7240
"ven","Venezuela",2026,76.36,7530
"ven","Venezuela",2027,76.55,7830
"ven","Venezuela",2028,76.73,8070
"ven","Venezuela",2029,76.92,8310
"ven","Venezuela",2030,77.1,8310
"ven","Venezuela",2031,77.29,8510
"ven","Venezuela",2032,77.47,8720
"ven","Venezuela",2033,77.65,8930
"ven","Venezuela",2034,77.83,9150
"ven","Venezuela",2035,78.01,9370
"ven","Venezuela",2036,78.2,9600
"ven","Venezuela",2037,78.38,9840
"ven","Venezuela",2038,78.56,10100
"ven","Venezuela",2039,78.74,10300
"ven","Venezuela",2040,78.91,10600
"ven","Venezuela",2041,79.09,10800
"ven","Venezuela",2042,79.28,11100
"ven","Venezuela",2043,79.45,11400
"ven","Venezuela",2044,79.63,11600
"ven","Venezuela",2045,79.81,11900
"ven","Venezuela",2046,79.99,12200
"ven","Venezuela",2047,80.16,12500
"ven","Venezuela",2048,80.34,12800
"ven","Venezuela",2049,80.51,13100
"ven","Venezuela",2050,80.7,13400
"ven","Venezuela",2051,80.88,13700
"ven","Venezuela",2052,81.05,14000
"ven","Venezuela",2053,81.22,14400
"ven","Venezuela",2054,81.4,14700
"ven","Venezuela",2055,81.57,15000
"ven","Venezuela",2056,81.75,15400
"ven","Venezuela",2057,81.93,15800
"ven","Venezuela",2058,82.1,16100
"ven","Venezuela",2059,82.28,16500
"ven","Venezuela",2060,82.45,16900
"ven","Venezuela",2061,82.62,17200
"ven","Venezuela",2062,82.79,17600
"ven","Venezuela",2063,82.96,18000
"ven","Venezuela",2064,83.13,18400
"ven","Venezuela",2065,83.31,18800
"ven","Venezuela",2066,83.48,19200
"ven","Venezuela",2067,83.65,19600
"ven","Venezuela",2068,83.83,20100
"ven","Venezuela",2069,84,20500
"ven","Venezuela",2070,84.17,20900
"ven","Venezuela",2071,84.33,21400
"ven","Venezuela",2072,84.5,21800
"ven","Venezuela",2073,84.65,22300
"ven","Venezuela",2074,84.81,22700
"ven","Venezuela",2075,84.98,23200
"ven","Venezuela",2076,85.14,23600
"ven","Venezuela",2077,85.29,24100
"ven","Venezuela",2078,85.44,24600
"ven","Venezuela",2079,85.58,25100
"ven","Venezuela",2080,85.74,25600
"ven","Venezuela",2081,85.89,26100
"ven","Venezuela",2082,86.04,26600
"ven","Venezuela",2083,86.18,27100
"ven","Venezuela",2084,86.32,27600
"ven","Venezuela",2085,86.46,28100
"ven","Venezuela",2086,86.6,28600
"ven","Venezuela",2087,86.74,29100
"ven","Venezuela",2088,86.88,29600
"ven","Venezuela",2089,87.01,30200
"ven","Venezuela",2090,87.15,30700
"ven","Venezuela",2091,87.28,31200
"ven","Venezuela",2092,87.42,31800
"ven","Venezuela",2093,87.54,32300
"ven","Venezuela",2094,87.67,32800
"ven","Venezuela",2095,87.81,33400
"ven","Venezuela",2096,87.93,33900
"ven","Venezuela",2097,88.06,34500
"ven","Venezuela",2098,88.19,35000
"ven","Venezuela",2099,88.31,35600
"ven","Venezuela",2100,88.44,36100
